timeOpen;timeClose;timeHigh;timeLow;name;open;high;low;close;volume;marketCap;circulatingSupply;timestamp
"2025-11-14T00:00:00.000Z";"2025-11-14T23:59:59.999Z";"2025-11-14T00:01:00.000Z";"2025-11-14T12:45:00.000Z";"2781";3567.8233055724;3570.5534917395;3403.9370999938;3436.4345886911;10155288.26;413180062.93;120235.1;"2025-11-14T23:59:59.999Z"
"2025-11-13T00:00:00.000Z";"2025-11-13T23:59:59.999Z";"2025-11-13T07:35:00.000Z";"2025-11-13T21:30:00.000Z";"2781";3754.7738346017;3907.8384399604;3498.73692872;3567.8329099317;13629060.96;432623152.87;121256.89;"2025-11-13T23:59:59.999Z"
"2025-11-12T00:00:00.000Z";"2025-11-12T23:59:59.999Z";"2025-11-12T13:57:00.000Z";"2025-11-12T19:37:00.000Z";"2781";3764.5265964835;3930.5440666172;3724.7090422957;3754.5680681117;2400405.05;459441164.15;122368.58;"2025-11-12T23:59:59.999Z"
"2025-11-11T00:00:00.000Z";"2025-11-11T23:59:59.999Z";"2025-11-11T01:24:00.000Z";"2025-11-11T23:50:00.000Z";"2781";3927.5076757519;3985.927785593;3763.051114569;3764.5265988646;9754557.79;457692533.71;121580.37;"2025-11-11T23:59:59.999Z"
"2025-11-10T00:00:00.000Z";"2025-11-10T23:59:59.999Z";"2025-11-10T03:52:00.000Z";"2025-11-10T16:57:00.000Z";"2781";3934.1657760543;3999.1844447896;3874.446594627;3927.3752154412;4643419.19;478499228.18;121832.79;"2025-11-10T23:59:59.999Z"
"2025-11-09T00:00:00.000Z";"2025-11-09T23:59:59.999Z";"2025-11-09T23:07:00.000Z";"2025-11-09T03:09:00.000Z";"2781";3744.5437359293;3950.2073794909;3708.3274926828;3934.0716586342;3647618.42;478604622.18;121653.39;"2025-11-09T23:59:59.999Z"
"2025-11-08T00:00:00.000Z";"2025-11-08T23:59:59.999Z";"2025-11-08T04:50:00.000Z";"2025-11-08T17:04:00.000Z";"2781";3783.9863081285;3811.0722774242;3702.6146326984;3744.5437365317;3370615.97;455559698.92;121659.6;"2025-11-08T23:59:59.999Z"
"2025-11-07T00:00:00.000Z";"2025-11-07T23:59:59.999Z";"2025-11-07T22:11:00.000Z";"2025-11-07T12:40:00.000Z";"2781";3639.2117357904;3812.0097929721;3527.4191270374;3784.4943894795;20127206.6;459717184.36;121490.18;"2025-11-07T23:59:59.999Z"
"2025-11-06T00:00:00.000Z";"2025-11-06T23:59:59.999Z";"2025-11-06T05:00:00.000Z";"2025-11-06T17:24:00.000Z";"2781";3769.9065224056;3793.3872512193;3599.0969490706;3638.9464258253;24543844.68;448375364.37;123215.71;"2025-11-06T23:59:59.999Z"
"2025-11-05T00:00:00.000Z";"2025-11-05T23:59:59.999Z";"2025-11-05T20:27:00.000Z";"2025-11-05T01:43:00.000Z";"2781";3601.659529697;3813.8976925357;3519.5418910369;3769.9698740757;9149592.8;468406681.43;124246.8;"2025-11-05T23:59:59.999Z"
"2025-11-04T00:00:00.000Z";"2025-11-04T23:59:59.999Z";"2025-11-04T03:40:00.000Z";"2025-11-04T21:40:00.000Z";"2781";3954.2542395796;4006.7708785699;3438.6213247844;3601.6996856727;20910484.9;446520100.96;123976.21;"2025-11-04T23:59:59.999Z"
"2025-11-03T00:00:00.000Z";"2025-11-03T23:59:59.999Z";"2025-11-03T00:09:00.000Z";"2025-11-03T22:35:00.000Z";"2781";4284.6702175352;4285.9191451396;3932.9677293332;3955.8498971862;6934210.24;494160260.61;124969.27;"2025-11-03T23:59:59.999Z"
"2025-11-02T00:00:00.000Z";"2025-11-02T23:59:59.999Z";"2025-11-02T08:04:00.000Z";"2025-11-02T19:54:00.000Z";"2781";4260.1698684242;4294.3718733466;4233.6992773326;4284.4376160682;2340033.5;535544953.5;124997.72;"2025-11-02T23:59:59.999Z"
"2025-11-01T00:00:00.000Z";"2025-11-01T23:59:59.999Z";"2025-11-01T16:49:00.000Z";"2025-11-01T00:38:00.000Z";"2781";4233.3157641237;4285.9474031844;4223.864787092;4260.1698684242;1895039.57;532283638.36;124944.23;"2025-11-01T23:59:59.999Z"
"2025-10-31T00:00:00.000Z";"2025-10-31T23:59:59.999Z";"2025-10-31T19:53:00.000Z";"2025-10-31T00:03:00.000Z";"2781";4175.9238212997;4272.8103109314;4161.103210899;4234.0154799363;3144198.34;528532102.6;124829.99;"2025-10-31T23:59:59.999Z"
"2025-10-30T00:00:00.000Z";"2025-10-30T23:59:59.999Z";"2025-10-30T03:16:00.000Z";"2025-10-30T20:06:00.000Z";"2781";4302.7525188517;4333.8984544379;4057.7624532771;4172.5505844718;5184122.92;520934519.26;124747.13;"2025-10-30T23:59:59.999Z"
"2025-10-29T00:00:00.000Z";"2025-10-29T23:59:59.999Z";"2025-10-29T07:29:00.000Z";"2025-10-29T23:49:00.000Z";"2781";4383.3386269985;4430.1890690598;4297.6729694815;4301.209914232;5290565.5;533754257.39;124093.98;"2025-10-29T23:59:59.999Z"
"2025-10-28T00:00:00.000Z";"2025-10-28T23:59:59.999Z";"2025-10-28T14:32:00.000Z";"2025-10-28T21:28:00.000Z";"2781";4531.1390222847;4574.3788987901;4356.3707644761;4383.4092360191;2786126.7;543382496.99;123965.44;"2025-10-28T23:59:59.999Z"
"2025-10-27T00:00:00.000Z";"2025-10-27T23:59:59.999Z";"2025-10-27T07:08:00.000Z";"2025-10-27T23:26:00.000Z";"2781";4573.3274241469;4660.2081409061;4520.805042519;4531.4177865772;2549760.16;559891237.13;123557.63;"2025-10-27T23:59:59.999Z"
"2025-10-26T00:00:00.000Z";"2025-10-26T23:59:59.999Z";"2025-10-26T23:39:00.000Z";"2025-10-26T04:19:00.000Z";"2781";4349.5370744898;4585.1165445973;4318.7439935828;4573.8786640616;2609262.86;564083126.99;123341.95;"2025-10-26T23:59:59.999Z"
"2025-10-25T00:00:00.000Z";"2025-10-25T23:59:59.999Z";"2025-10-25T23:07:00.000Z";"2025-10-25T01:10:00.000Z";"2781";4327.9478810831;4354.4934840725;4312.2387817733;4344.3678853576;1670874.56;536087055.98;123251.52;"2025-10-25T23:59:59.999Z"
"2025-10-24T00:00:00.000Z";"2025-10-24T23:59:59.999Z";"2025-10-24T12:31:00.000Z";"2025-10-24T00:30:00.000Z";"2781";4237.5385811735;4378.0682821356;4233.175197784;4328.8532334436;2706485.42;533587851.92;123263.1;"2025-10-24T23:59:59.999Z"
"2025-10-23T00:00:00.000Z";"2025-10-23T23:59:59.999Z";"2025-10-23T17:54:00.000Z";"2025-10-23T00:05:00.000Z";"2781";4169.7661152144;4305.6498940255;4168.7760359727;4237.5381211418;4253030.21;521462022.17;123057.78;"2025-10-23T23:59:59.999Z"
"2025-10-22T00:00:00.000Z";"2025-10-22T23:59:59.999Z";"2025-10-22T00:20:00.000Z";"2025-10-22T22:41:00.000Z";"2781";4266.2643426505;4270.5911027286;4120.5272272552;4169.1130768068;10402967.75;512331683.62;122887.45;"2025-10-22T23:59:59.999Z"
"2025-10-21T00:00:00.000Z";"2025-10-21T23:59:59.999Z";"2025-10-21T16:52:00.000Z";"2025-10-21T09:08:00.000Z";"2781";4378.8347514665;4501.4922598478;4243.0557812412;4266.2643426505;7889357.68;543568256.28;127410.82;"2025-10-21T23:59:59.999Z"
"2025-10-20T00:00:00.000Z";"2025-10-20T23:59:59.999Z";"2025-10-20T07:23:00.000Z";"2025-10-20T02:16:00.000Z";"2781";4391.2842573124;4475.7254088982;4328.8552728888;4378.4695495783;3477755.48;557392712.79;127303.09;"2025-10-20T23:59:59.999Z"
"2025-10-19T00:00:00.000Z";"2025-10-19T23:59:59.999Z";"2025-10-19T22:54:00.000Z";"2025-10-19T01:13:00.000Z";"2781";4272.1346652663;4411.8419087413;4247.846209493;4391.2842573124;4716296.66;558712636.92;127232.17;"2025-10-19T23:59:59.999Z"
"2025-10-18T00:00:00.000Z";"2025-10-18T23:59:59.999Z";"2025-10-18T22:37:00.000Z";"2025-10-18T00:17:00.000Z";"2781";4206.1588521574;4281.4826005773;4199.6599930861;4272.1395581888;6662346.36;542765944.67;127047.8;"2025-10-18T23:59:59.999Z"
"2025-10-17T00:00:00.000Z";"2025-10-17T23:59:59.999Z";"2025-10-17T01:12:00.000Z";"2025-10-17T10:34:00.000Z";"2781";4276.2666270483;4322.8138476192;4065.0732307727;4205.8138735617;16087590.08;532892157.11;126703.69;"2025-10-17T23:59:59.999Z"
"2025-10-16T00:00:00.000Z";"2025-10-16T23:59:59.999Z";"2025-10-16T12:06:00.000Z";"2025-10-16T20:43:00.000Z";"2781";4381.1996760303;4470.854316749;4231.0854049967;4276.7311248777;5794584.63;533173102.63;124681.91;"2025-10-16T23:59:59.999Z"
"2025-10-15T00:00:00.000Z";"2025-10-15T23:59:59.999Z";"2025-10-15T09:16:00.000Z";"2025-10-15T17:35:00.000Z";"2781";4542.9476939325;4583.947352481;4351.958469884;4380.9432088623;3870210.78;544700413.1;124326.77;"2025-10-15T23:59:59.999Z"
"2025-10-14T00:00:00.000Z";"2025-10-14T23:59:59.999Z";"2025-10-14T00:46:00.000Z";"2025-10-14T10:38:00.000Z";"2781";4679.5009450714;4684.444605289;4327.1299244635;4542.9476939325;10657015.08;563358307.55;124007.22;"2025-10-14T23:59:59.999Z"
"2025-10-13T00:00:00.000Z";"2025-10-13T23:59:59.999Z";"2025-10-13T21:08:00.000Z";"2025-10-13T12:03:00.000Z";"2781";4564.4056071398;4706.8954405316;4505.9255746056;4679.4991115676;11441486.4;573604452.96;122578.13;"2025-10-13T23:59:59.999Z"
"2025-10-12T00:00:00.000Z";"2025-10-12T23:59:59.999Z";"2025-10-12T20:52:00.000Z";"2025-10-12T01:05:00.000Z";"2781";4123.1164937821;4570.5965134007;4098.1821551641;4564.750793589;6102550.55;560068294.53;122703.45;"2025-10-12T23:59:59.999Z"
"2025-10-11T00:00:00.000Z";"2025-10-11T23:59:59.999Z";"2025-10-11T00:21:00.000Z";"2025-10-11T21:23:00.000Z";"2781";4252.0187904357;4259.8601300282;4074.1452380854;4122.959529316;8746859.41;504780496.26;122426.93;"2025-10-11T23:59:59.999Z"
"2025-10-10T00:00:00.000Z";"2025-10-10T23:59:59.999Z";"2025-10-10T01:36:00.000Z";"2025-10-10T21:39:00.000Z";"2781";4805.649436637;4829.8325695132;3855.379096895;4252.059413318;10864582.1;520985588.6;122526.64;"2025-10-10T23:59:59.999Z"
"2025-10-09T00:00:00.000Z";"2025-10-09T23:59:59.999Z";"2025-10-09T00:01:00.000Z";"2025-10-09T17:00:00.000Z";"2781";4985.5152798609;4985.7084388899;4735.5145916297;4808.2053957082;5070406.41;587253783.18;122200.71;"2025-10-09T23:59:59.999Z"
"2025-10-08T00:00:00.000Z";"2025-10-08T23:59:59.999Z";"2025-10-08T18:59:00.000Z";"2025-10-08T06:07:00.000Z";"2781";4924.3399860753;4988.8636685742;4885.3001334169;4985.5152798609;6580564.99;608346694.15;122022.83;"2025-10-08T23:59:59.999Z"
"2025-10-07T00:00:00.000Z";"2025-10-07T23:59:59.999Z";"2025-10-07T13:33:00.000Z";"2025-10-07T18:42:00.000Z";"2781";5173.5302869484;5212.0248912334;4916.9784073298;4924.3031318215;8394740.61;599701667.46;121783.16;"2025-10-07T23:59:59.999Z"
"2025-10-06T00:00:00.000Z";"2025-10-06T23:59:59.999Z";"2025-10-06T20:10:00.000Z";"2025-10-06T01:17:00.000Z";"2781";4973.8493346863;5195.0511145473;4956.779166293;5173.5302869484;9555618.03;628062117.25;121399.14;"2025-10-06T23:59:59.999Z"
"2025-10-05T00:00:00.000Z";"2025-10-05T23:59:59.999Z";"2025-10-05T08:07:00.000Z";"2025-10-05T01:05:00.000Z";"2781";4943.3799100422;5059.5191604384;4934.5545021394;4973.8493346863;6797098.45;601612505.52;120955.11;"2025-10-05T23:59:59.999Z"
"2025-10-04T00:00:00.000Z";"2025-10-04T23:59:59.999Z";"2025-10-04T00:03:00.000Z";"2025-10-04T19:10:00.000Z";"2781";4980.0697517634;4980.3268770336;4908.2993897129;4943.3799100422;4481427.78;598496568.77;121070.32;"2025-10-04T23:59:59.999Z"
"2025-10-03T00:00:00.000Z";"2025-10-03T23:59:59.999Z";"2025-10-03T16:48:00.000Z";"2025-10-03T08:21:00.000Z";"2781";4930.553655023;5004.7288936067;4907.8656441298;4980.0697517634;8108281.52;601600449.17;120801.61;"2025-10-03T23:59:59.999Z"
"2025-10-02T00:00:00.000Z";"2025-10-02T23:59:59.999Z";"2025-10-02T19:51:00.000Z";"2025-10-02T00:00:00.000Z";"2781";4774.1561884367;4962.4799971758;4773.984211458;4930.553655023;10112878.31;594475126.32;120569.65;"2025-10-02T23:59:59.999Z"
"2025-10-01T00:00:00.000Z";"2025-10-01T23:59:59.999Z";"2025-10-01T23:59:00.000Z";"2025-10-01T06:56:00.000Z";"2781";4560.2942206296;4774.3871812953;4549.3256956701;4774.3871812953;5121909.6;577295384.36;120920.93;"2025-10-01T23:59:59.999Z"
"2025-09-30T00:00:00.000Z";"2025-09-30T23:59:59.999Z";"2025-09-30T00:52:00.000Z";"2025-09-30T17:46:00.000Z";"2781";4642.6852561669;4655.1846543942;4509.7004816085;4560.2942206296;8781391.57;550218664.81;120654.2;"2025-09-30T23:59:59.999Z"
"2025-09-29T00:00:00.000Z";"2025-09-29T23:59:59.999Z";"2025-09-29T21:59:00.000Z";"2025-09-29T13:05:00.000Z";"2781";4557.5473104721;4653.0794938155;4504.637414159;4642.3388526055;3132507.33;560510839.61;120729.88;"2025-09-29T23:59:59.999Z"
"2025-09-28T00:00:00.000Z";"2025-09-28T23:59:59.999Z";"2025-09-28T23:54:00.000Z";"2025-09-28T12:50:00.000Z";"2781";4425.0481287493;4558.3595112477;4386.0496275154;4557.1899032153;6842500.62;549979473.67;120674.44;"2025-09-28T23:59:59.999Z"
"2025-09-27T00:00:00.000Z";"2025-09-27T23:59:59.999Z";"2025-09-27T00:00:00.000Z";"2025-09-27T09:17:00.000Z";"2781";4437.573179384;4437.573179384;4387.2564401416;4425.0481287493;1528812.77;534259278.15;120735.25;"2025-09-27T23:59:59.999Z"
"2025-09-26T00:00:00.000Z";"2025-09-26T23:59:59.999Z";"2025-09-26T18:57:00.000Z";"2025-09-26T00:00:00.000Z";"2781";4265.922231058;4457.5071994144;4265.922231058;4438.1012449748;3762523.32;535558745.3;120687.3;"2025-09-26T23:59:59.999Z"
"2025-09-25T00:00:00.000Z";"2025-09-25T23:59:59.999Z";"2025-09-25T00:13:00.000Z";"2025-09-25T23:57:00.000Z";"2781";4576.0809223469;4578.7562408444;4262.8399239584;4266.1418588818;9990771.84;514679057.42;120642.74;"2025-09-25T23:59:59.999Z"
"2025-09-24T00:00:00.000Z";"2025-09-24T23:59:59.999Z";"2025-09-24T15:42:00.000Z";"2025-09-24T04:26:00.000Z";"2781";4590.1814289358;4613.4536521092;4534.7913863133;4576.1514755881;23783875.71;553129935.43;120874.16;"2025-09-24T23:59:59.999Z"
"2025-09-23T00:00:00.000Z";"2025-09-23T23:59:59.999Z";"2025-09-23T09:12:00.000Z";"2025-09-23T20:37:00.000Z";"2781";4623.6803461049;4640.053505691;4563.5074598909;4590.1816511557;20471363.22;564758496.57;123036.2;"2025-09-23T23:59:59.999Z"
"2025-09-22T00:00:00.000Z";"2025-09-22T23:59:59.999Z";"2025-09-22T00:01:00.000Z";"2025-09-22T06:03:00.000Z";"2781";4910.736001235;4911.2593635958;4509.4497067577;4623.6803461049;16352694.31;569155390.6;123095.75;"2025-09-22T23:59:59.999Z"
"2025-09-21T00:00:00.000Z";"2025-09-21T23:59:59.999Z";"2025-09-21T19:02:00.000Z";"2025-09-21T23:10:00.000Z";"2781";4933.0514599261;4942.0942287657;4891.8806443116;4908.7860903813;10686174.61;616388332.91;125568.38;"2025-09-21T23:59:59.999Z"
"2025-09-20T00:00:00.000Z";"2025-09-20T23:59:59.999Z";"2025-09-20T16:43:00.000Z";"2025-09-20T02:34:00.000Z";"2781";4910.8804833447;4958.0306215486;4910.5786853647;4932.6699755769;3379205.62;622827370.48;126256.01;"2025-09-20T23:59:59.999Z"
"2025-09-19T00:00:00.000Z";"2025-09-19T23:59:59.999Z";"2025-09-19T01:33:00.000Z";"2025-09-19T20:02:00.000Z";"2781";5047.1090896205;5072.6270245763;4895.818585849;4910.8804833447;6945469.76;621100790.72;126474.43;"2025-09-19T23:59:59.999Z"
"2025-09-18T00:00:00.000Z";"2025-09-18T23:59:59.999Z";"2025-09-18T03:17:00.000Z";"2025-09-18T06:33:00.000Z";"2781";5051.1238862569;5093.3271550106;5025.6281347966;5047.8659478438;7885835.13;637663351.87;126342.3;"2025-09-18T23:59:59.999Z"
"2025-09-17T00:00:00.000Z";"2025-09-17T23:59:59.999Z";"2025-09-17T23:35:00.000Z";"2025-09-17T18:56:00.000Z";"2781";4959.5934066007;5057.6736315248;4895.3102332051;5050.4295885734;5529189.69;637285456.89;126167.06;"2025-09-17T23:59:59.999Z"
"2025-09-16T00:00:00.000Z";"2025-09-16T23:59:59.999Z";"2025-09-16T06:04:00.000Z";"2025-09-16T15:06:00.000Z";"2781";4974.6278240194;4985.3877936044;4872.4785838815;4959.7291827128;14031455.55;624994907.58;126017.37;"2025-09-16T23:59:59.999Z"
"2025-09-15T00:00:00.000Z";"2025-09-15T23:59:59.999Z";"2025-09-15T06:25:00.000Z";"2025-09-15T15:35:00.000Z";"2781";5075.1570362282;5125.0088246036;4929.998165118;4974.6725381384;3008255.04;630876375.86;126817.67;"2025-09-15T23:59:59.999Z"
"2025-09-14T00:00:00.000Z";"2025-09-14T23:59:59.999Z";"2025-09-14T03:03:00.000Z";"2025-09-14T16:00:00.000Z";"2781";5132.3620832294;5148.8142672495;5052.678279557;5076.2265531979;2658400.2;642798202.85;126655.83;"2025-09-14T23:59:59.999Z"
"2025-09-13T00:00:00.000Z";"2025-09-13T23:59:59.999Z";"2025-09-13T03:57:00.000Z";"2025-09-13T17:16:00.000Z";"2781";5179.6397366121;5226.9163352082;5083.5089612951;5132.3620832294;4830110.41;649846159.01;126617.36;"2025-09-13T23:59:59.999Z"
"2025-09-12T00:00:00.000Z";"2025-09-12T23:59:59.999Z";"2025-09-12T22:38:00.000Z";"2025-09-12T00:09:00.000Z";"2781";4899.5471647225;5183.68487994;4897.8717910028;5179.6397428162;17620456.02;654760215.53;126410.38;"2025-09-12T23:59:59.999Z"
"2025-09-11T00:00:00.000Z";"2025-09-11T23:59:59.999Z";"2025-09-11T23:24:00.000Z";"2025-09-11T00:42:00.000Z";"2781";4781.9787033757;4902.6669412586;4771.2090324832;4899.6070502457;9148488.04;619118328.5;126360.81;"2025-09-11T23:59:59.999Z"
"2025-09-10T00:00:00.000Z";"2025-09-10T23:59:59.999Z";"2025-09-10T14:25:00.000Z";"2025-09-10T00:59:00.000Z";"2781";4741.4565317882;4863.8264951832;4719.4233472069;4783.9606685026;19187444.65;604483412.01;126408.64;"2025-09-10T23:59:59.999Z"
"2025-09-09T00:00:00.000Z";"2025-09-09T23:59:59.999Z";"2025-09-09T09:34:00.000Z";"2025-09-09T18:14:00.000Z";"2781";4740.5283817483;4800.6083855479;4707.6127987436;4741.3758737102;10684103.9;598230477.48;126172.34;"2025-09-09T23:59:59.999Z"
"2025-09-08T00:00:00.000Z";"2025-09-08T23:59:59.999Z";"2025-09-08T16:31:00.000Z";"2025-09-08T02:33:00.000Z";"2781";4739.0102716827;4799.0722497428;4721.0870163172;4740.5283817483;9462860.27;598072374.15;126161.54;"2025-09-08T23:59:59.999Z"
"2025-09-07T00:00:00.000Z";"2025-09-07T23:59:59.999Z";"2025-09-07T23:38:00.000Z";"2025-09-07T00:38:00.000Z";"2781";4706.2459198057;4746.1230195472;4703.7248265411;4739.0102716827;6571475.73;599337361.38;126468.89;"2025-09-07T23:59:59.999Z"
"2025-09-06T00:00:00.000Z";"2025-09-06T23:59:59.999Z";"2025-09-06T03:32:00.000Z";"2025-09-06T20:13:00.000Z";"2781";4733.1351403725;4749.8133800324;4691.5040915039;4706.2459198057;7143079.62;597855428.03;127034.46;"2025-09-06T23:59:59.999Z"
"2025-09-05T00:00:00.000Z";"2025-09-05T23:59:59.999Z";"2025-09-05T13:33:00.000Z";"2025-09-05T17:45:00.000Z";"2781";4732.4365380427;4905.9390610865;4697.1511595741;4733.1351403725;4883039.13;601036222.84;126984.8;"2025-09-05T23:59:59.999Z"
"2025-09-04T00:00:00.000Z";"2025-09-04T23:59:59.999Z";"2025-09-04T00:39:00.000Z";"2025-09-04T19:54:00.000Z";"2781";4894.1997122132;4919.1454713653;4699.9502521637;4733.0781866345;3391600.36;600787941.52;126951.08;"2025-09-04T23:59:59.999Z"
"2025-09-03T00:00:00.000Z";"2025-09-03T23:59:59.999Z";"2025-09-03T17:35:00.000Z";"2025-09-03T01:50:00.000Z";"2781";4753.1164081499;4926.1335367103;4728.7141115564;4894.3579902201;5204345.68;621646765.93;127017.04;"2025-09-03T23:59:59.999Z"
"2025-09-02T00:00:00.000Z";"2025-09-02T23:59:59.999Z";"2025-09-02T07:05:00.000Z";"2025-09-02T20:04:00.000Z";"2781";4726.2920826595;4838.6367772617;4707.7750261769;4752.731836709;12504736.48;603363982.68;126940.71;"2025-09-02T23:59:59.999Z"
"2025-09-01T00:00:00.000Z";"2025-09-01T23:59:59.999Z";"2025-09-01T09:34:00.000Z";"2025-09-01T21:43:00.000Z";"2781";4831.698608356;4920.9317144427;4655.5836167833;4726.2800520106;11920365;603183988.25;127623.09;"2025-09-01T23:59:59.999Z"
"2025-08-31T00:00:00.000Z";"2025-08-31T23:59:59.999Z";"2025-08-31T13:04:00.000Z";"2025-08-31T00:00:00.000Z";"2781";4798.5967390382;4930.1343408695;4798.5967390382;4831.497045188;4879154.48;621558913.4;128641.91;"2025-08-31T23:59:59.999Z"
"2025-08-30T00:00:00.000Z";"2025-08-30T23:59:59.999Z";"2025-08-30T07:48:00.000Z";"2025-08-30T01:57:00.000Z";"2781";4790.6548868771;4838.8418140049;4697.2969597209;4798.4661744542;3540385.26;616942946.25;128567.37;"2025-08-30T23:59:59.999Z"
"2025-08-29T00:00:00.000Z";"2025-08-29T23:59:59.999Z";"2025-08-29T00:00:00.000Z";"2025-08-29T15:00:00.000Z";"2781";4952.0223140983;4954.749973299;4712.9246338588;4791.3031384051;9970629.3;616398392.5;128666.83;"2025-08-29T23:59:59.999Z"
"2025-08-28T00:00:00.000Z";"2025-08-28T23:59:59.999Z";"2025-08-28T08:10:00.000Z";"2025-08-28T20:01:00.000Z";"2781";4953.5656644756;5073.4696001106;4890.4755766518;4951.9895350268;8521181.02;636853260.65;128605.53;"2025-08-28T23:59:59.999Z"
"2025-08-27T00:00:00.000Z";"2025-08-27T23:59:59.999Z";"2025-08-27T16:01:00.000Z";"2025-08-27T23:48:00.000Z";"2781";5052.5027348452;5104.7195555245;4951.7904985446;4951.8480387938;6653145.49;636406704.27;128519.03;"2025-08-27T23:59:59.999Z"
"2025-08-26T00:00:00.000Z";"2025-08-26T23:59:59.999Z";"2025-08-26T23:11:00.000Z";"2025-08-26T01:02:00.000Z";"2781";4811.4840534803;5086.6666243928;4769.5671201885;5053.1154262815;12680065.26;652419952.68;129128.08;"2025-08-26T23:59:59.999Z"
"2025-08-25T00:00:00.000Z";"2025-08-25T23:59:59.999Z";"2025-08-25T00:11:00.000Z";"2025-08-25T20:35:00.000Z";"2781";5258.3036477886;5268.9951346364;4787.7200130267;4811.4787834521;10258132.05;616474334.29;128125.75;"2025-08-25T23:59:59.999Z"
"2025-08-24T00:00:00.000Z";"2025-08-24T23:59:59.999Z";"2025-08-24T19:24:00.000Z";"2025-08-24T11:12:00.000Z";"2781";5249.844355239;5438.7389838683;5205.1625906607;5258.8200884838;12781536.52;689001989.41;131031.23;"2025-08-24T23:59:59.999Z"
"2025-08-23T00:00:00.000Z";"2025-08-23T23:59:59.999Z";"2025-08-23T00:01:00.000Z";"2025-08-23T03:12:00.000Z";"2781";5301.4780206094;5301.7245924727;5160.5921584712;5249.7086134414;19173817.64;686101882.56;130689.95;"2025-08-23T23:59:59.999Z"
"2025-08-22T00:00:00.000Z";"2025-08-22T23:59:59.999Z";"2025-08-22T21:30:00.000Z";"2025-08-22T00:02:00.000Z";"2781";4651.9318513352;5355.0699029746;4651.755614677;5301.190028859;14013442.99;694652072.49;131029.89;"2025-08-22T23:59:59.999Z"
"2025-08-21T00:00:00.000Z";"2025-08-21T23:59:59.999Z";"2025-08-21T00:00:00.000Z";"2025-08-21T20:37:00.000Z";"2781";4776.957685402;4777.0495242046;4647.0137287671;4651.9318513352;4587601.49;606648582.17;130407.88;"2025-08-21T23:59:59.999Z"
"2025-08-20T00:00:00.000Z";"2025-08-20T23:59:59.999Z";"2025-08-20T22:59:00.000Z";"2025-08-20T01:34:00.000Z";"2781";4512.5732975085;4799.1472535248;4484.7567789418;4776.957685402;17714814.96;622284389.02;130267.93;"2025-08-20T23:59:59.999Z"
"2025-08-19T00:00:00.000Z";"2025-08-19T23:59:59.999Z";"2025-08-19T01:08:00.000Z";"2025-08-19T23:59:00.000Z";"2781";4767.8063941541;4775.510118874;4520.9391434437;4520.9391434437;17302763.59;593155852.95;131201.91;"2025-08-19T23:59:59.999Z"
"2025-08-18T00:00:00.000Z";"2025-08-18T23:59:59.999Z";"2025-08-18T00:13:00.000Z";"2025-08-18T06:48:00.000Z";"2781";4942.4666151976;4945.17682248;4663.5101253566;4767.8063941541;22083066.16;623720118.77;130819.1;"2025-08-18T23:59:59.999Z"
"2025-08-17T00:00:00.000Z";"2025-08-17T23:59:59.999Z";"2025-08-17T16:14:00.000Z";"2025-08-17T01:48:00.000Z";"2781";4870.8125624422;5031.1867293875;4853.3353359368;4942.4666151976;9483691.22;645620202.65;130627.12;"2025-08-17T23:59:59.999Z"
"2025-08-16T00:00:00.000Z";"2025-08-16T23:59:59.999Z";"2025-08-16T01:15:00.000Z";"2025-08-16T12:28:00.000Z";"2781";4873.2859941962;4936.9548228274;4837.4441934131;4871.7891566635;5807411.87;638495989.47;131086.13;"2025-08-16T23:59:59.999Z"
"2025-08-15T00:00:00.000Z";"2025-08-15T23:59:59.999Z";"2025-08-15T08:34:00.000Z";"2025-08-15T20:06:00.000Z";"2781";5003.3652297069;5120.9760764709;4836.9163718763;4872.8746738657;13995382.86;639141164.9;131163.06;"2025-08-15T23:59:59.999Z"
"2025-08-14T00:00:00.000Z";"2025-08-14T23:59:59.999Z";"2025-08-14T04:29:00.000Z";"2025-08-14T22:05:00.000Z";"2781";5241.5452326128;5260.9293587645;4922.4969785422;5003.3652297069;17383428.49;656865281.4;131284.7;"2025-08-14T23:59:59.999Z"
"2025-08-13T00:00:00.000Z";"2025-08-13T23:59:59.999Z";"2025-08-13T23:42:00.000Z";"2025-08-13T02:14:00.000Z";"2781";5065.4532040516;5252.0465704241;5047.9884862075;5241.5452326128;31882101.88;681431407.12;130005.82;"2025-08-13T23:59:59.999Z"
"2025-08-12T00:00:00.000Z";"2025-08-12T23:59:59.999Z";"2025-08-12T21:29:00.000Z";"2025-08-12T00:01:00.000Z";"2781";4655.3157473218;5073.1415191176;4655.0437851057;5065.4532040516;40455002.55;654149753.45;129139.43;"2025-08-12T23:59:59.999Z"
"2025-08-11T00:00:00.000Z";"2025-08-11T23:59:59.999Z";"2025-08-11T16:34:00.000Z";"2025-08-11T11:53:00.000Z";"2781";4677.4283969734;4780.9409365391;4603.7866331141;4655.3000573761;16371149.26;607025513.21;130394.06;"2025-08-11T23:59:59.999Z"
"2025-08-10T00:00:00.000Z";"2025-08-10T23:59:59.999Z";"2025-08-10T01:47:00.000Z";"2025-08-10T14:04:00.000Z";"2781";4696.9641797655;4742.9009828735;4606.5953807388;4677.2647759728;14016509.68;603990464.28;129133.26;"2025-08-10T23:59:59.999Z"
"2025-08-09T00:00:00.000Z";"2025-08-09T23:59:59.999Z";"2025-08-09T22:25:00.000Z";"2025-08-09T00:13:00.000Z";"2781";4425.4544341956;4738.2928822297;4420.4101487048;4699.6459407529;13932823.81;608709449.67;129596.36;"2025-08-09T23:59:59.999Z"
"2025-08-08T00:00:00.000Z";"2025-08-08T23:59:59.999Z";"2025-08-08T20:02:00.000Z";"2025-08-08T09:28:00.000Z";"2781";4302.1885249941;4471.6846060701;4283.6935196955;4426.1748047142;12757515.44;569735465.08;128719.6;"2025-08-08T23:59:59.999Z"
"2025-08-07T00:00:00.000Z";"2025-08-07T23:59:59.999Z";"2025-08-07T23:59:00.000Z";"2025-08-07T04:07:00.000Z";"2781";4056.7812533963;4302.1885249941;4037.3180581638;4302.1885249941;11031371.08;551689154.61;128234.54;"2025-08-07T23:59:59.999Z"
"2025-08-06T00:00:00.000Z";"2025-08-06T23:59:59.999Z";"2025-08-06T23:59:00.000Z";"2025-08-06T01:34:00.000Z";"2781";3975.4302160282;4056.8912826115;3937.510081381;4056.8912826115;9538087.52;519439079.96;128038.7;"2025-08-06T23:59:59.999Z"
"2025-08-05T00:00:00.000Z";"2025-08-05T23:59:59.999Z";"2025-08-05T00:04:00.000Z";"2025-08-05T22:12:00.000Z";"2781";4099.0042521714;4099.8734620193;3919.2776452233;3975.2720443687;2679041.6;508606509.47;127942.57;"2025-08-05T23:59:59.999Z"
"2025-08-04T00:00:00.000Z";"2025-08-04T23:59:59.999Z";"2025-08-04T23:16:00.000Z";"2025-08-04T00:13:00.000Z";"2781";3857.9019043115;4106.4412005972;3854.8171969214;4099.0042521714;12162203.23;523622490.52;127743.83;"2025-08-04T23:59:59.999Z"
"2025-08-03T00:00:00.000Z";"2025-08-03T23:59:59.999Z";"2025-08-03T23:30:00.000Z";"2025-08-03T00:42:00.000Z";"2781";3743.2811295479;3862.4778605765;3720.9543194994;3857.9019043115;10154416.82;495518754.86;128442.55;"2025-08-03T23:59:59.999Z"
"2025-08-02T00:00:00.000Z";"2025-08-02T23:59:59.999Z";"2025-08-02T05:07:00.000Z";"2025-08-02T19:15:00.000Z";"2781";3842.1031091847;3889.5620325676;3731.4119463943;3743.2811295479;4370375.23;483924421.4;129278.14;"2025-08-02T23:59:59.999Z"
"2025-08-01T00:00:00.000Z";"2025-08-01T23:59:59.999Z";"2025-08-01T03:32:00.000Z";"2025-08-01T23:09:00.000Z";"2781";4079.4946669868;4097.05539886;3829.8640819561;3842.2897741668;11246569.19;495428997.67;128947.35;"2025-08-01T23:59:59.999Z"
"2025-07-31T00:00:00.000Z";"2025-07-31T23:59:59.999Z";"2025-07-31T08:46:00.000Z";"2025-07-31T23:43:00.000Z";"2781";4182.8727016091;4263.3780510701;4071.9304442526;4079.4921575478;6606735.03;536028535.87;131395.82;"2025-07-31T23:59:59.999Z"
"2025-07-30T00:00:00.000Z";"2025-07-30T23:59:59.999Z";"2025-07-30T07:10:00.000Z";"2025-07-30T19:25:00.000Z";"2781";4178.0718148517;4217.3499839637;4090.8728735856;4182.125992384;6874456.34;548128389.22;131041.14;"2025-07-30T23:59:59.999Z"
"2025-07-29T00:00:00.000Z";"2025-07-29T23:59:59.999Z";"2025-07-29T09:25:00.000Z";"2025-07-29T16:42:00.000Z";"2781";4176.953581556;4272.8343846594;4119.0229120458;4178.0718148517;3606268.84;547648983.05;131076.97;"2025-07-29T23:59:59.999Z"
"2025-07-28T00:00:00.000Z";"2025-07-28T23:59:59.999Z";"2025-07-28T05:55:00.000Z";"2025-07-28T18:39:00.000Z";"2781";4264.7330241444;4331.747802489;4151.3214515263;4176.953581556;6530250.4;547307230.55;131030.24;"2025-07-28T23:59:59.999Z"
"2025-07-27T00:00:00.000Z";"2025-07-27T23:59:59.999Z";"2025-07-27T23:58:00.000Z";"2025-07-27T00:17:00.000Z";"2781";4128.685750501;4265.1414804242;4124.8504241204;4264.7330241444;3065070.36;559247356.96;131133.03;"2025-07-27T23:59:59.999Z"
"2025-07-26T00:00:00.000Z";"2025-07-26T23:59:59.999Z";"2025-07-26T11:21:00.000Z";"2025-07-26T02:05:00.000Z";"2781";4103.9297737699;4152.5208506602;4094.0288222994;4128.685750501;3570644.19;541008967.92;131036.61;"2025-07-26T23:59:59.999Z"
"2025-07-25T00:00:00.000Z";"2025-07-25T23:59:59.999Z";"2025-07-25T11:42:00.000Z";"2025-07-25T04:26:00.000Z";"2781";4090.9420262973;4114.4072830888;3954.1739561401;4104.0173266374;14788663.48;536525138.07;130734.48;"2025-07-25T23:59:59.999Z"
"2025-07-24T00:00:00.000Z";"2025-07-24T23:59:59.999Z";"2025-07-24T19:25:00.000Z";"2025-07-24T07:08:00.000Z";"2781";3996.8738443597;4130.9916178159;3895.2526660041;4090.9420262973;6660658.29;535335729.57;130858.79;"2025-07-24T23:59:59.999Z"
"2025-07-23T00:00:00.000Z";"2025-07-23T23:59:59.999Z";"2025-07-23T02:44:00.000Z";"2025-07-23T21:40:00.000Z";"2781";4122.7024436005;4137.9191684578;3911.7336999859;3996.3072663645;7040099.96;521805634.33;130553.44;"2025-07-23T23:59:59.999Z"
"2025-07-22T00:00:00.000Z";"2025-07-22T23:59:59.999Z";"2025-07-22T02:24:00.000Z";"2025-07-22T09:23:00.000Z";"2781";4151.0800460556;4178.6391795714;4016.3632758381;4122.2002707071;19886565.18;537357348.1;130341.05;"2025-07-22T23:59:59.999Z"
"2025-07-21T00:00:00.000Z";"2025-07-21T23:59:59.999Z";"2025-07-21T15:28:00.000Z";"2025-07-21T00:24:00.000Z";"2781";4144.2784899622;4242.1731463359;4103.057733068;4151.4202396164;5392849.9;544865473.82;131247.97;"2025-07-21T23:59:59.999Z"
"2025-07-20T00:00:00.000Z";"2025-07-20T23:59:59.999Z";"2025-07-20T16:52:00.000Z";"2025-07-20T00:38:00.000Z";"2781";3961.5486167065;4196.4318923165;3956.7573740832;4144.9143064147;5110009.39;542817033.81;130959.77;"2025-07-20T23:59:59.999Z"
"2025-07-19T00:00:00.000Z";"2025-07-19T23:59:59.999Z";"2025-07-19T05:44:00.000Z";"2025-07-19T01:09:00.000Z";"2781";3913.0471539488;3968.6575868649;3895.4539755782;3961.5049969991;4110824.77;517425289.52;130611.87;"2025-07-19T23:59:59.999Z"
"2025-07-18T00:00:00.000Z";"2025-07-18T23:59:59.999Z";"2025-07-18T14:13:00.000Z";"2025-07-18T00:15:00.000Z";"2781";3840.0435368973;4047.8329758665;3831.7835278021;3913.4822666953;14218727.97;511120609.36;130619.59;"2025-07-18T23:59:59.999Z"
"2025-07-17T00:00:00.000Z";"2025-07-17T23:59:59.999Z";"2025-07-17T23:26:00.000Z";"2025-07-17T04:08:00.000Z";"2781";3715.6165298592;3862.7588233431;3675.7623631614;3840.0083929807;12235681.43;509227918.73;132609.93;"2025-07-17T23:59:59.999Z"
"2025-07-16T00:00:00.000Z";"2025-07-16T23:59:59.999Z";"2025-07-16T20:32:00.000Z";"2025-07-16T04:18:00.000Z";"2781";3444.3001034857;3772.1967312445;3432.067176863;3715.6165298592;10792908.64;492583644.14;132571.17;"2025-07-16T23:59:59.999Z"
"2025-07-15T00:00:00.000Z";"2025-07-15T23:59:59.999Z";"2025-07-15T23:59:00.000Z";"2025-07-15T04:12:00.000Z";"2781";3324.8826416145;3444.7185525714;3253.1164620295;3444.3001034857;10635661.79;455248341.28;132174.41;"2025-07-15T23:59:59.999Z"
"2025-07-14T00:00:00.000Z";"2025-07-14T23:59:59.999Z";"2025-07-14T09:46:00.000Z";"2025-07-14T00:10:00.000Z";"2781";3278.9878890678;3387.2365264579;3276.5924348399;3324.0434102023;3663140.18;434780581.03;130798.71;"2025-07-14T23:59:59.999Z"
"2025-07-13T00:00:00.000Z";"2025-07-13T23:59:59.999Z";"2025-07-13T14:21:00.000Z";"2025-07-13T00:14:00.000Z";"2781";3245.5114525148;3317.2136611941;3244.3130493691;3278.9878890678;2325458.49;428152708.3;130574.65;"2025-07-13T23:59:59.999Z"
"2025-07-12T00:00:00.000Z";"2025-07-12T23:59:59.999Z";"2025-07-12T11:04:00.000Z";"2025-07-12T15:55:00.000Z";"2781";3265.1174138838;3282.155643934;3221.7620799533;3245.5114525148;9082065.46;424181086.19;130697.76;"2025-07-12T23:59:59.999Z"
"2025-07-11T00:00:00.000Z";"2025-07-11T23:59:59.999Z";"2025-07-11T09:50:00.000Z";"2025-07-11T00:30:00.000Z";"2781";3258.459182048;3334.1539816841;3236.0001266751;3265.1174138838;11782499.16;426198576.4;130530.86;"2025-07-11T23:59:59.999Z"
"2025-07-10T00:00:00.000Z";"2025-07-10T23:59:59.999Z";"2025-07-10T21:57:00.000Z";"2025-07-10T01:02:00.000Z";"2781";3057.949638526;3293.2197571126;3046.7851683219;3258.459182048;5997594.18;424024002.7;130130.22;"2025-07-10T23:59:59.999Z"
"2025-07-09T00:00:00.000Z";"2025-07-09T23:59:59.999Z";"2025-07-09T23:42:00.000Z";"2025-07-09T04:27:00.000Z";"2781";2883.5692761208;3063.3990067893;2865.9098564361;3057.949638526;4153467.42;379052428.4;123956.4;"2025-07-09T23:59:59.999Z"
"2025-07-08T00:00:00.000Z";"2025-07-08T23:59:59.999Z";"2025-07-08T19:05:00.000Z";"2025-07-08T02:52:00.000Z";"2781";2802.3993952886;2890.0347453396;2790.5580916458;2883.5692761208;6714506.63;356992777.89;123802.39;"2025-07-08T23:59:59.999Z"
"2025-07-07T00:00:00.000Z";"2025-07-07T23:59:59.999Z";"2025-07-07T08:58:00.000Z";"2025-07-07T18:31:00.000Z";"2781";2832.2361448426;2847.2058964447;2788.8500811465;2802.4492448695;10075779.53;349309052.71;124644.2;"2025-07-07T23:59:59.999Z"
"2025-07-06T00:00:00.000Z";"2025-07-06T23:59:59.999Z";"2025-07-06T22:52:00.000Z";"2025-07-06T10:29:00.000Z";"2781";2776.8492420096;2857.1143836503;2769.3507379077;2832.3058126318;4754184.52;356094798.5;125729.2;"2025-07-06T23:59:59.999Z"
"2025-07-05T00:00:00.000Z";"2025-07-05T23:59:59.999Z";"2025-07-05T06:34:00.000Z";"2025-07-05T19:35:00.000Z";"2781";2767.0268557105;2785.6427669004;2752.1085945848;2776.8492420096;17682429.24;348682843.16;125567.8;"2025-07-05T23:59:59.999Z"
"2025-07-04T00:00:00.000Z";"2025-07-04T23:59:59.999Z";"2025-07-04T01:35:00.000Z";"2025-07-04T16:37:00.000Z";"2781";2858.3018639908;2862.7975572603;2738.9347352436;2767.0268557105;8242999.96;347502136.27;125586.83;"2025-07-04T23:59:59.999Z"
"2025-07-03T00:00:00.000Z";"2025-07-03T23:59:59.999Z";"2025-07-03T14:06:00.000Z";"2025-07-03T04:06:00.000Z";"2781";2844.68050796;2885.7831857058;2827.422844634;2858.3018639908;17995721.9;358761045.26;125515.45;"2025-07-03T23:59:59.999Z"
"2025-07-02T00:00:00.000Z";"2025-07-02T23:59:59.999Z";"2025-07-02T22:38:00.000Z";"2025-07-02T01:19:00.000Z";"2781";2650.3099137856;2871.2602494963;2631.6517938175;2844.9169181562;4566664.76;356957609.76;125472.07;"2025-07-02T23:59:59.999Z"
"2025-07-01T00:00:00.000Z";"2025-07-01T23:59:59.999Z";"2025-07-01T01:37:00.000Z";"2025-07-01T23:15:00.000Z";"2781";2739.4555979992;2755.0107193942;2642.065041751;2650.6299890141;1209421.57;335247521.43;126478.43;"2025-07-01T23:59:59.999Z"
"2025-06-30T00:00:00.000Z";"2025-06-30T23:59:59.999Z";"2025-06-30T20:21:00.000Z";"2025-06-30T15:03:00.000Z";"2781";2758.7019660297;2775.7169859444;2693.1942333155;2739.4555979992;1772502.97;346159884.33;126360.83;"2025-06-30T23:59:59.999Z"
"2025-06-29T00:00:00.000Z";"2025-06-29T23:59:59.999Z";"2025-06-29T23:07:00.000Z";"2025-06-29T02:19:00.000Z";"2781";2686.7276865583;2763.327129151;2676.2160753774;2758.8681537196;1389156.04;348822802.99;126436.92;"2025-06-29T23:59:59.999Z"
"2025-06-28T00:00:00.000Z";"2025-06-28T23:59:59.999Z";"2025-06-28T17:55:00.000Z";"2025-06-28T01:40:00.000Z";"2781";2670.6169345489;2695.8829201923;2661.7310859163;2686.7276865583;2484909.42;339973327.52;126538.07;"2025-06-28T23:59:59.999Z"
"2025-06-27T00:00:00.000Z";"2025-06-27T23:59:59.999Z";"2025-06-27T10:12:00.000Z";"2025-06-27T18:51:00.000Z";"2781";2662.2816302573;2709.6374772905;2641.2484201692;2671.3449759018;1092774.26;338496785.66;126713.99;"2025-06-27T23:59:59.999Z"
"2025-06-26T00:00:00.000Z";"2025-06-26T23:59:59.999Z";"2025-06-26T03:06:00.000Z";"2025-06-26T18:20:00.000Z";"2781";2665.7988051012;2769.8426833864;2646.6528610524;2662.2816302573;1495007.06;336987423.16;126578.43;"2025-06-26T23:59:59.999Z"
"2025-06-25T00:00:00.000Z";"2025-06-25T23:59:59.999Z";"2025-06-25T02:14:00.000Z";"2025-06-25T15:36:00.000Z";"2781";2694.9225931364;2714.8792178933;2651.6743253694;2665.7988051012;1483970.92;337537924.19;126617.93;"2025-06-25T23:59:59.999Z"
"2025-06-24T00:00:00.000Z";"2025-06-24T23:59:59.999Z";"2025-06-24T17:02:00.000Z";"2025-06-24T08:21:00.000Z";"2781";2669.7150692998;2727.3196320197;2636.7082119881;2694.924330059;2505035.46;341340384.87;126660.55;"2025-06-24T23:59:59.999Z"
"2025-06-23T00:00:00.000Z";"2025-06-23T23:59:59.999Z";"2025-06-23T23:54:00.000Z";"2025-06-23T16:38:00.000Z";"2781";2453.7280536046;2671.8055966545;2433.2531982504;2669.7150692998;2977918.39;338150012.91;126661.46;"2025-06-23T23:59:59.999Z"
"2025-06-22T00:00:00.000Z";"2025-06-22T23:59:59.999Z";"2025-06-22T00:48:00.000Z";"2025-06-22T20:21:00.000Z";"2781";2518.8936899253;2536.7874989881;2354.1722633318;2453.5120479427;1715853.65;310568953.25;126581.39;"2025-06-22T23:59:59.999Z"
"2025-06-21T00:00:00.000Z";"2025-06-21T23:59:59.999Z";"2025-06-21T12:12:00.000Z";"2025-06-21T23:50:00.000Z";"2781";2652.0924708603;2694.4006223099;2470.501320775;2519.159480997;3546257.05;318160254.93;126309.52;"2025-06-21T23:59:59.999Z"
"2025-06-20T00:00:00.000Z";"2025-06-20T23:59:59.999Z";"2025-06-20T13:11:00.000Z";"2025-06-20T23:07:00.000Z";"2781";2778.9731454714;2819.0692471969;2637.5663011674;2652.0924708603;2057781.87;334418936.91;126096.26;"2025-06-20T23:59:59.999Z"
"2025-06-19T00:00:00.000Z";"2025-06-19T23:59:59.999Z";"2025-06-19T10:33:00.000Z";"2025-06-19T17:06:00.000Z";"2781";2782.7011439047;2799.9871676859;2746.9381281717;2778.9731454714;1783446.1;350222278.45;126025.79;"2025-06-19T23:59:59.999Z"
"2025-06-18T00:00:00.000Z";"2025-06-18T23:59:59.999Z";"2025-06-18T06:10:00.000Z";"2025-06-18T17:38:00.000Z";"2781";2769.7784786952;2797.8914567184;2739.8958858741;2782.3750046049;4417312.36;350732645.32;126040.36;"2025-06-18T23:59:59.999Z"
"2025-06-17T00:00:00.000Z";"2025-06-17T23:59:59.999Z";"2025-06-17T04:20:00.000Z";"2025-06-17T17:10:00.000Z";"2781";2843.0635379448;2873.2594221298;2725.2261184942;2770.1344949248;5080140.92;349474659.31;126158.01;"2025-06-17T23:59:59.999Z"
"2025-06-16T00:00:00.000Z";"2025-06-16T23:59:59.999Z";"2025-06-16T21:07:00.000Z";"2025-06-16T01:33:00.000Z";"2781";2806.4867226272;2936.8437620269;2780.0367087795;2842.9448626988;6320200.96;358463491.19;126088.79;"2025-06-16T23:59:59.999Z"
"2025-06-15T00:00:00.000Z";"2025-06-15T23:59:59.999Z";"2025-06-15T17:55:00.000Z";"2025-06-15T20:48:00.000Z";"2781";2790.7372100418;2817.8728266762;2754.8427457295;2806.4883543599;1672258.13;353571506.95;125983.67;"2025-06-15T23:59:59.999Z"
"2025-06-14T00:00:00.000Z";"2025-06-14T23:59:59.999Z";"2025-06-14T00:01:00.000Z";"2025-06-14T18:53:00.000Z";"2781";2838.3418584629;2838.5187073835;2757.6336557169;2790.7372100418;1830277.13;351223518.1;125853.31;"2025-06-14T23:59:59.999Z"
"2025-06-13T00:00:00.000Z";"2025-06-13T23:59:59.999Z";"2025-06-13T00:00:00.000Z";"2025-06-13T02:48:00.000Z";"2781";2921.7743286798;2921.7743286798;2720.5842934774;2838.1220118179;4011716.77;357245423.41;125864.13;"2025-06-13T23:59:59.999Z"
"2025-06-12T00:00:00.000Z";"2025-06-12T23:59:59.999Z";"2025-06-12T00:28:00.000Z";"2025-06-12T22:57:00.000Z";"2781";3057.0965250532;3059.6970700854;2910.7699258258;2921.9059651207;3606207.86;367051490.95;125620.57;"2025-06-12T23:59:59.999Z"
"2025-06-11T00:00:00.000Z";"2025-06-11T23:59:59.999Z";"2025-06-11T16:57:00.000Z";"2025-06-11T10:07:00.000Z";"2781";3096.1314705112;3158.9014987327;3044.1585338043;3057.6408802923;5186400.68;383603769.85;125457.43;"2025-06-11T23:59:59.999Z"
"2025-06-10T00:00:00.000Z";"2025-06-10T23:59:59.999Z";"2025-06-10T22:33:00.000Z";"2025-06-10T06:26:00.000Z";"2781";2950.1889829883;3098.5457843141;2941.4920075481;3096.1458557455;3924477.11;387741912.5;125233.74;"2025-06-10T23:59:59.999Z"
"2025-06-09T00:00:00.000Z";"2025-06-09T23:59:59.999Z";"2025-06-09T23:53:00.000Z";"2025-06-09T06:13:00.000Z";"2781";2765.8330344212;2951.5066982438;2737.6184423884;2950.1848401276;3684368.74;368829519.24;125019.12;"2025-06-09T23:59:59.999Z"
"2025-06-08T00:00:00.000Z";"2025-06-08T23:59:59.999Z";"2025-06-08T21:57:00.000Z";"2025-06-08T10:16:00.000Z";"2781";2783.4430639321;2796.8178842684;2746.8621373995;2765.8330344212;1839982.5;345405250.97;124882.9;"2025-06-08T23:59:59.999Z"
"2025-06-07T00:00:00.000Z";"2025-06-07T23:59:59.999Z";"2025-06-07T22:57:00.000Z";"2025-06-07T00:20:00.000Z";"2781";2729.9735933271;2801.3994054649;2716.1485303472;2783.4430639321;6450451.86;347353471.38;124792.73;"2025-06-07T23:59:59.999Z"
"2025-06-06T00:00:00.000Z";"2025-06-06T23:59:59.999Z";"2025-06-06T15:18:00.000Z";"2025-06-06T00:24:00.000Z";"2781";2661.7709566331;2781.6627744318;2635.4829454932;2730.1805107841;2152852.37;343431870.71;125790.9;"2025-06-06T23:59:59.999Z"
"2025-06-05T00:00:00.000Z";"2025-06-05T23:59:59.999Z";"2025-06-05T12:53:00.000Z";"2025-06-05T21:03:00.000Z";"2781";2870.9472439292;2906.9839484913;2642.905119396;2661.7438496962;2371220.46;335087617.3;125890.26;"2025-06-05T23:59:59.999Z"
"2025-06-04T00:00:00.000Z";"2025-06-04T23:59:59.999Z";"2025-06-04T17:01:00.000Z";"2025-06-04T00:42:00.000Z";"2781";2861.1564194062;2926.7879898641;2853.8784654364;2870.9472439292;5809855.97;360933190.43;125719.2;"2025-06-04T23:59:59.999Z"
"2025-06-03T00:00:00.000Z";"2025-06-03T23:59:59.999Z";"2025-06-03T02:04:00.000Z";"2025-06-03T05:00:00.000Z";"2781";2869.3179626261;2911.8224481912;2855.2082117889;2861.1552035884;4014717.2;361841028.99;126466.76;"2025-06-03T23:59:59.999Z"
"2025-06-02T00:00:00.000Z";"2025-06-02T23:59:59.999Z";"2025-06-02T23:48:00.000Z";"2025-06-02T10:07:00.000Z";"2781";2791.5836676002;2875.2894132051;2728.6082998836;2869.3179626261;1252748;362491487.71;126333.68;"2025-06-02T23:59:59.999Z"
"2025-06-01T00:00:00.000Z";"2025-06-01T23:59:59.999Z";"2025-06-01T22:16:00.000Z";"2025-06-01T12:37:00.000Z";"2781";2788.5383502253;2803.9271949901;2730.3623030946;2791.5836676002;1802300.75;353178104.74;126515.32;"2025-06-01T23:59:59.999Z"
"2025-05-31T00:00:00.000Z";"2025-05-31T23:59:59.999Z";"2025-05-31T15:33:00.000Z";"2025-05-31T03:13:00.000Z";"2781";2785.5556727239;2804.3827458645;2746.1022519397;2788.5322171163;834345.97;352507470.18;126413.27;"2025-05-31T23:59:59.999Z"
"2025-05-30T00:00:00.000Z";"2025-05-30T23:59:59.999Z";"2025-05-30T06:01:00.000Z";"2025-05-30T23:36:00.000Z";"2781";2891.9335655272;2909.5789147399;2780.7538766328;2785.5556727239;4728569.61;352008897.51;126369.36;"2025-05-30T23:59:59.999Z"
"2025-05-29T00:00:00.000Z";"2025-05-29T23:59:59.999Z";"2025-05-29T02:33:00.000Z";"2025-05-29T23:54:00.000Z";"2781";2944.01275928;3039.3645291468;2889.9725887973;2892.5436242258;3690212.72;365124263.32;126229.48;"2025-05-29T23:59:59.999Z"
"2025-05-28T00:00:00.000Z";"2025-05-28T23:59:59.999Z";"2025-05-28T13:39:00.000Z";"2025-05-28T10:04:00.000Z";"2781";2929.3093888093;2952.9658823612;2874.7376870912;2944.1190996442;2806763.18;371133835.15;126059.38;"2025-05-28T23:59:59.999Z"
"2025-05-27T00:00:00.000Z";"2025-05-27T23:59:59.999Z";"2025-05-27T17:51:00.000Z";"2025-05-27T01:25:00.000Z";"2781";2819.4113959411;2981.6520234103;2764.3986600489;2929.7837642353;3777324.93;366744402.79;125177.98;"2025-05-27T23:59:59.999Z"
"2025-05-26T00:00:00.000Z";"2025-05-26T23:59:59.999Z";"2025-05-26T07:10:00.000Z";"2025-05-26T17:49:00.000Z";"2781";2803.3451945761;2847.5734660856;2786.0422018001;2819.4113959411;1544911.76;353843835.65;125502.73;"2025-05-26T23:59:59.999Z"
"2025-05-25T00:00:00.000Z";"2025-05-25T23:59:59.999Z";"2025-05-25T23:59:00.000Z";"2025-05-25T08:52:00.000Z";"2781";2783.0726129738;2805.4884704204;2720.95736046;2805.4693245453;1395651.05;351343878.43;125235.33;"2025-05-25T23:59:59.999Z"
"2025-05-24T00:00:00.000Z";"2025-05-24T23:59:59.999Z";"2025-05-24T10:55:00.000Z";"2025-05-24T01:01:00.000Z";"2781";2779.1751629684;2829.8495495249;2770.6674639178;2783.0849015615;1049855.29;348207820.16;125115.77;"2025-05-24T23:59:59.999Z"
"2025-05-23T00:00:00.000Z";"2025-05-23T23:59:59.999Z";"2025-05-23T02:39:00.000Z";"2025-05-23T23:44:00.000Z";"2781";2927.8613749082;3000.3373968031;2761.7092087618;2779.1751310676;3540204.52;347157600.6;124913.9;"2025-05-23T23:59:59.999Z"
"2025-05-22T00:00:00.000Z";"2025-05-22T23:59:59.999Z";"2025-05-22T09:31:00.000Z";"2025-05-22T00:02:00.000Z";"2781";2805.8654557392;2955.8712401391;2797.9295557224;2927.7907716783;5948553.13;366150622.34;125060.38;"2025-05-22T23:59:59.999Z"
"2025-05-21T00:00:00.000Z";"2025-05-21T23:59:59.999Z";"2025-05-21T06:38:00.000Z";"2025-05-21T17:58:00.000Z";"2781";2774.8192965476;2871.3181924996;2709.2413918921;2805.6988171698;2743829.22;350158301.5;124802.53;"2025-05-21T23:59:59.999Z"
"2025-05-20T00:00:00.000Z";"2025-05-20T23:59:59.999Z";"2025-05-20T02:43:00.000Z";"2025-05-20T18:58:00.000Z";"2781";2780.1867784916;2841.365768631;2694.998736696;2775.4085186751;2630567.01;345923325.88;124638.71;"2025-05-20T23:59:59.999Z"
"2025-05-19T00:00:00.000Z";"2025-05-19T23:59:59.999Z";"2025-05-19T17:10:00.000Z";"2025-05-19T07:00:00.000Z";"2781";2741.0660553517;2792.7609502428;2593.0654331922;2780.1867784916;2710020.78;346137017.96;124501.35;"2025-05-19T23:59:59.999Z"
"2025-05-18T00:00:00.000Z";"2025-05-18T23:59:59.999Z";"2025-05-18T15:52:00.000Z";"2025-05-18T20:04:00.000Z";"2781";2719.3752754172;2836.5056572208;2610.8284206182;2744.8141813018;2272031.23;341433118.69;124392.07;"2025-05-18T23:59:59.999Z"
"2025-05-17T00:00:00.000Z";"2025-05-17T23:59:59.999Z";"2025-05-17T00:01:00.000Z";"2025-05-17T13:50:00.000Z";"2781";2793.7342455756;2795.2154902645;2704.4049059738;2719.3752754172;1787833.32;338234370.38;124379.44;"2025-05-17T23:59:59.999Z"
"2025-05-16T00:00:00.000Z";"2025-05-16T23:59:59.999Z";"2025-05-16T11:22:00.000Z";"2025-05-16T23:58:00.000Z";"2781";2795.0658104862;2900.869270237;2790.0213619043;2793.7342455756;1959996.63;347006914.29;124208.99;"2025-05-16T23:59:59.999Z"
"2025-05-15T00:00:00.000Z";"2025-05-15T23:59:59.999Z";"2025-05-15T00:21:00.000Z";"2025-05-15T14:51:00.000Z";"2781";2867.8452427964;2903.9258656775;2743.4981711722;2795.0521653684;3335084.71;346685062.52;124034.67;"2025-05-15T23:59:59.999Z"
"2025-05-14T00:00:00.000Z";"2025-05-14T23:59:59.999Z";"2025-05-14T01:46:00.000Z";"2025-05-14T17:27:00.000Z";"2781";2945.9040817522;2988.8176406058;2807.3698111369;2868.2486840357;3909082.92;355571993.97;123985.77;"2025-05-14T23:59:59.999Z"
"2025-05-13T00:00:00.000Z";"2025-05-13T23:59:59.999Z";"2025-05-13T19:49:00.000Z";"2025-05-13T02:21:00.000Z";"2781";2741.958450129;3001.1665679831;2663.0240375513;2945.9004994607;7037592.67;364501253.9;123731.54;"2025-05-13T23:59:59.999Z"
"2025-05-12T00:00:00.000Z";"2025-05-12T23:59:59.999Z";"2025-05-12T07:33:00.000Z";"2025-05-12T18:51:00.000Z";"2781";2756.7385892641;2860.5919325697;2664.4058770707;2741.958450129;7619985.88;339264461.44;123730.71;"2025-05-12T23:59:59.999Z"
"2025-05-11T00:00:00.000Z";"2025-05-11T23:59:59.999Z";"2025-05-11T00:08:00.000Z";"2025-05-11T16:11:00.000Z";"2781";2834.902530693;2847.0765508814;2702.8047430663;2756.1221736687;5779262.02;340514611.44;123548.45;"2025-05-11T23:59:59.999Z"
"2025-05-10T00:00:00.000Z";"2025-05-10T23:59:59.999Z";"2025-05-10T23:19:00.000Z";"2025-05-10T00:58:00.000Z";"2781";2572.7969273042;2853.5301737217;2552.5785748819;2834.6303384307;5379525.59;349409643.35;123264.62;"2025-05-10T23:59:59.999Z"
"2025-05-09T00:00:00.000Z";"2025-05-09T23:59:59.999Z";"2025-05-09T08:39:00.000Z";"2025-05-09T00:19:00.000Z";"2781";2416.7285867141;2728.693883243;2401.233905512;2572.7969273042;8571350.58;317804283.51;123524.82;"2025-05-09T23:59:59.999Z"
"2025-05-08T00:00:00.000Z";"2025-05-08T23:59:59.999Z";"2025-05-08T21:22:00.000Z";"2025-05-08T00:44:00.000Z";"2781";1989.2622288577;2440.3828167043;1987.472050052;2417.4739931873;9721379.53;299020123.9;123691.14;"2025-05-08T23:59:59.999Z"
"2025-05-07T00:00:00.000Z";"2025-05-07T23:59:59.999Z";"2025-05-07T01:21:00.000Z";"2025-05-07T18:13:00.000Z";"2781";1990.5950089658;2024.7765496302;1964.7228507223;1989.2622288577;2346491.04;245435180.57;123380;"2025-05-07T23:59:59.999Z"
"2025-05-06T00:00:00.000Z";"2025-05-06T23:59:59.999Z";"2025-05-06T00:12:00.000Z";"2025-05-06T13:55:00.000Z";"2781";1996.8857474581;2001.6293274372;1926.567800362;1992.0781620667;1057526.45;246031172;123504.78;"2025-05-06T23:59:59.999Z"
"2025-05-05T00:00:00.000Z";"2025-05-05T23:59:59.999Z";"2025-05-05T09:01:00.000Z";"2025-05-05T02:10:00.000Z";"2781";1987.8950799958;2008.7675398213;1966.0175946554;1996.8857474581;1447036.54;246535845.93;123460.17;"2025-05-05T23:59:59.999Z"
"2025-05-04T00:00:00.000Z";"2025-05-04T23:59:59.999Z";"2025-05-04T06:09:00.000Z";"2025-05-04T23:51:00.000Z";"2781";2012.8734553081;2027.8753932413;1986.9984835226;1987.8885822607;1041892.36;244860829.49;123176.33;"2025-05-04T23:59:59.999Z"
"2025-05-03T00:00:00.000Z";"2025-05-03T23:59:59.999Z";"2025-05-03T21:54:00.000Z";"2025-05-03T17:22:00.000Z";"2781";2019.7825099686;2025.8901080703;1993.4217743595;2012.8167690568;1167760.02;245013536.76;121726.7;"2025-05-03T23:59:59.999Z"
"2025-05-02T00:00:00.000Z";"2025-05-02T23:59:59.999Z";"2025-05-02T16:21:00.000Z";"2025-05-02T08:08:00.000Z";"2781";2018.5837275096;2040.2223704931;1991.8255081803;2019.7825099686;3083430.51;245118818.06;121359.02;"2025-05-02T23:59:59.999Z"
"2025-05-01T00:00:00.000Z";"2025-05-01T23:59:59.999Z";"2025-05-01T16:46:00.000Z";"2025-05-01T00:05:00.000Z";"2781";1967.4538182581;2047.3964946355;1967.4199076206;2018.4816286547;1956362.52;247042922.83;122390.47;"2025-05-01T23:59:59.999Z"
"2025-04-30T00:00:00.000Z";"2025-04-30T23:59:59.999Z";"2025-04-30T11:54:00.000Z";"2025-04-30T14:02:00.000Z";"2781";1970.0695038634;1989.1634557683;1912.956598039;1967.4538182581;1051631.51;239325702.53;121642.35;"2025-04-30T23:59:59.999Z"
"2025-04-29T00:00:00.000Z";"2025-04-29T23:59:59.999Z";"2025-04-29T10:18:00.000Z";"2025-04-29T23:22:00.000Z";"2781";1973.1453900463;2015.1658687037;1959.1478320983;1970.0657218958;2244275.68;238467545.5;121045.48;"2025-04-29T23:59:59.999Z"
"2025-04-28T00:00:00.000Z";"2025-04-28T23:59:59.999Z";"2025-04-28T11:45:00.000Z";"2025-04-28T16:20:00.000Z";"2781";1965.639604768;2001.2927569974;1923.4631247266;1971.5463635222;2157111.31;239081468.52;121167.69;"2025-04-28T23:59:59.999Z"
"2025-04-27T00:00:00.000Z";"2025-04-27T23:59:59.999Z";"2025-04-27T01:19:00.000Z";"2025-04-27T22:33:00.000Z";"2781";1997.7033822714;2027.5381024413;1959.1721013526;1965.639604768;1798630.21;239069699.04;121624.38;"2025-04-27T23:59:59.999Z"
"2025-04-26T00:00:00.000Z";"2025-04-26T23:59:59.999Z";"2025-04-26T22:20:00.000Z";"2025-04-26T13:48:00.000Z";"2781";1962.2695117855;2004.8084617552;1958.8299103656;1997.7033822714;959799.36;242349665.17;121314.14;"2025-04-26T23:59:59.999Z"
"2025-04-25T00:00:00.000Z";"2025-04-25T23:59:59.999Z";"2025-04-25T15:56:00.000Z";"2025-04-25T02:58:00.000Z";"2781";1939.0379999102;1996.0206353802;1909.3083079079;1962.2695117855;2237410.87;238111665.28;121345.04;"2025-04-25T23:59:59.999Z"
"2025-04-24T00:00:00.000Z";"2025-04-24T23:59:59.999Z";"2025-04-24T02:14:00.000Z";"2025-04-24T08:38:00.000Z";"2781";1969.2577565319;1974.8261957447;1895.165674628;1938.6339679919;1284199.07;236444062.34;121964.26;"2025-04-24T23:59:59.999Z"
"2025-04-23T00:00:00.000Z";"2025-04-23T23:59:59.999Z";"2025-04-23T13:39:00.000Z";"2025-04-23T00:49:00.000Z";"2781";1923.7931475175;1997.4235117564;1915.154869167;1969.2494261293;2573584.42;239418498.35;121578.55;"2025-04-23T23:59:59.999Z"
"2025-04-22T00:00:00.000Z";"2025-04-22T23:59:59.999Z";"2025-04-22T23:53:00.000Z";"2025-04-22T00:38:00.000Z";"2781";1729.2535746528;1931.0448777243;1689.2929929353;1925.6138488157;2306937.11;234543833.46;121802.11;"2025-04-22T23:59:59.999Z"
"2025-04-21T00:00:00.000Z";"2025-04-21T23:59:59.999Z";"2025-04-21T05:52:00.000Z";"2025-04-21T19:03:00.000Z";"2781";1738.7654196636;1813.3530699732;1720.1670360907;1729.2490644967;1267243.21;210963007.39;121996.89;"2025-04-21T23:59:59.999Z"
"2025-04-20T00:00:00.000Z";"2025-04-20T23:59:59.999Z";"2025-04-20T02:07:00.000Z";"2025-04-20T11:48:00.000Z";"2781";1768.6498385486;1773.304171994;1719.5413632477;1738.7629066264;996669.47;211898598.18;121867.45;"2025-04-20T23:59:59.999Z"
"2025-04-19T00:00:00.000Z";"2025-04-19T23:59:59.999Z";"2025-04-19T18:37:00.000Z";"2025-04-19T00:30:00.000Z";"2781";1742.2032538214;1775.9231866848;1738.1206897134;1768.7479827403;1495999.68;215159072.85;121644.84;"2025-04-19T23:59:59.999Z"
"2025-04-18T00:00:00.000Z";"2025-04-18T23:59:59.999Z";"2025-04-18T21:36:00.000Z";"2025-04-18T05:33:00.000Z";"2781";1734.8154085741;1751.057085746;1727.4524980299;1742.2032538214;1919182.22;212553600.05;122002.76;"2025-04-18T23:59:59.999Z"
"2025-04-17T00:00:00.000Z";"2025-04-17T23:59:59.999Z";"2025-04-17T18:22:00.000Z";"2025-04-17T14:40:00.000Z";"2781";1731.3460098689;1767.3557985883;1725.8755172007;1734.7585802996;1913867.01;211669213.74;122016.53;"2025-04-17T23:59:59.999Z"
"2025-04-16T00:00:00.000Z";"2025-04-16T23:59:59.999Z";"2025-04-16T15:29:00.000Z";"2025-04-16T18:02:00.000Z";"2781";1739.562523209;1764.4339416026;1696.5243419746;1731.3460098689;2202187.17;212905280.2;122970.96;"2025-04-16T23:59:59.999Z"
"2025-04-15T00:00:00.000Z";"2025-04-15T23:59:59.999Z";"2025-04-15T13:50:00.000Z";"2025-04-15T22:53:00.000Z";"2781";1778.1079689095;1807.1839904144;1737.2721487226;1739.0086782754;1719325.41;213989424.27;123013.36;"2025-04-15T23:59:59.999Z"
"2025-04-14T00:00:00.000Z";"2025-04-14T23:59:59.999Z";"2025-04-14T11:15:00.000Z";"2025-04-14T00:01:00.000Z";"2781";1746.8400224373;1843.0256994155;1746.6367811641;1778.091873678;3069318.39;218210508.05;122721.73;"2025-04-14T23:59:59.999Z"
"2025-04-13T00:00:00.000Z";"2025-04-13T23:59:59.999Z";"2025-04-13T00:19:00.000Z";"2025-04-13T13:59:00.000Z";"2781";1798.8283090762;1803.4678228404;1718.032615936;1747.2732315246;2460372.03;215795385.93;123504.09;"2025-04-13T23:59:59.999Z"
"2025-04-12T00:00:00.000Z";"2025-04-12T23:59:59.999Z";"2025-04-12T15:22:00.000Z";"2025-04-12T03:08:00.000Z";"2781";1714.3052028991;1820.0916789974;1696.8559342692;1798.8283090762;1639320.94;223458764.44;124224.62;"2025-04-12T23:59:59.999Z"
"2025-04-11T00:00:00.000Z";"2025-04-11T23:59:59.999Z";"2025-04-11T17:42:00.000Z";"2025-04-11T01:00:00.000Z";"2781";1665.1964811797;1733.0175603325;1652.7419108328;1714.2745153372;1788969.51;213755287.03;124691.4;"2025-04-11T23:59:59.999Z"
"2025-04-10T00:00:00.000Z";"2025-04-10T23:59:59.999Z";"2025-04-10T00:01:00.000Z";"2025-04-10T16:24:00.000Z";"2781";1824.415448105;1824.5406816002;1621.2053770468;1665.6262730006;3876963.02;208415528.92;125127.43;"2025-04-10T23:59:59.999Z"
"2025-04-09T00:00:00.000Z";"2025-04-09T23:59:59.999Z";"2025-04-09T21:28:00.000Z";"2025-04-09T01:29:00.000Z";"2781";1608.3536952916;1838.3325030089;1538.6339417772;1824.415448105;3679690.46;230530462.37;126358.53;"2025-04-09T23:59:59.999Z"
"2025-04-08T00:00:00.000Z";"2025-04-08T23:59:59.999Z";"2025-04-08T02:14:00.000Z";"2025-04-08T22:39:00.000Z";"2781";1704.1227242447;1751.2507740816;1592.1297850745;1608.3536952916;2590460.04;202566003.52;125946.18;"2025-04-08T23:59:59.999Z"
"2025-04-07T00:00:00.000Z";"2025-04-07T23:59:59.999Z";"2025-04-07T01:30:00.000Z";"2025-04-07T06:56:00.000Z";"2781";1723.4304341386;1754.7766399195;1561.2848246463;1704.054869729;4576868.4;216189544.9;126867.71;"2025-04-07T23:59:59.999Z"
"2025-04-06T00:00:00.000Z";"2025-04-06T23:59:59.999Z";"2025-04-06T01:32:00.000Z";"2025-04-06T23:25:00.000Z";"2781";1973.8599343152;1983.8355684251;1698.2609991371;1723.576589876;4616036.64;217558702.22;126225.14;"2025-04-06T23:59:59.999Z"
"2025-04-05T00:00:00.000Z";"2025-04-05T23:59:59.999Z";"2025-04-05T01:33:00.000Z";"2025-04-05T15:46:00.000Z";"2781";1986.464045048;1997.5484858002;1947.5286352385;1973.9372082839;2210665.42;249439425.24;126366.44;"2025-04-05T23:59:59.999Z"
"2025-04-04T00:00:00.000Z";"2025-04-04T23:59:59.999Z";"2025-04-04T09:58:00.000Z";"2025-04-04T11:32:00.000Z";"2781";1983.6969536954;2001.1873437403;1936.776877899;1986.4605135717;2248492.24;251020798.48;126365.86;"2025-04-04T23:59:59.999Z"
"2025-04-03T00:00:00.000Z";"2025-04-03T23:59:59.999Z";"2025-04-03T04:47:00.000Z";"2025-04-03T15:09:00.000Z";"2781";1963.4636334354;2010.7993384905;1923.4627084825;1983.3843593479;1551438.92;252980187.62;127549.75;"2025-04-03T23:59:59.999Z"
"2025-04-02T00:00:00.000Z";"2025-04-02T23:59:59.999Z";"2025-04-02T20:18:00.000Z";"2025-04-02T23:27:00.000Z";"2781";2086.2468345886;2117.843614401;1957.8429639187;1963.5300294924;1170347.85;249840681.37;127240.57;"2025-04-02T23:59:59.999Z"
"2025-04-01T00:00:00.000Z";"2025-04-01T23:59:59.999Z";"2025-04-01T17:54:00.000Z";"2025-04-01T00:04:00.000Z";"2781";1994.3218525967;2101.0796063278;1991.2909788746;2085.4674089701;3621304.6;264994184.3;127067.05;"2025-04-01T23:59:59.999Z"
"2025-03-31T00:00:00.000Z";"2025-03-31T23:59:59.999Z";"2025-03-31T16:45:00.000Z";"2025-03-31T10:12:00.000Z";"2781";1974.4126498774;2018.0302371295;1948.2936305046;1994.3260391137;2112418.47;258350890.09;129542.96;"2025-03-31T23:59:59.999Z"
"2025-03-30T00:00:00.000Z";"2025-03-30T23:59:59.999Z";"2025-03-30T08:59:00.000Z";"2025-03-30T22:10:00.000Z";"2781";1995.6737764321;2017.5857917219;1946.3041544239;1974.4428546094;1044046.75;255503207.09;129405.22;"2025-03-30T23:59:59.999Z"
"2025-03-29T00:00:00.000Z";"2025-03-29T23:59:59.999Z";"2025-03-29T01:39:00.000Z";"2025-03-29T17:23:00.000Z";"2781";2071.640902454;2088.6275356831;1975.6642939903;1995.5134300966;1300489.39;258897428.39;129739.76;"2025-03-29T23:59:59.999Z"
"2025-03-28T00:00:00.000Z";"2025-03-28T23:59:59.999Z";"2025-03-28T02:28:00.000Z";"2025-03-28T16:18:00.000Z";"2781";2190.3289663327;2202.1847431265;2042.1028716153;2071.6048114159;1496278.39;268100537.56;129416.83;"2025-03-28T23:59:59.999Z"
"2025-03-27T00:00:00.000Z";"2025-03-27T23:59:59.999Z";"2025-03-27T03:38:00.000Z";"2025-03-27T13:43:00.000Z";"2781";2196.8380609826;2225.628442719;2182.0374906219;2191.523667602;917643.52;283605906.53;129410.38;"2025-03-27T23:59:59.999Z"
"2025-03-26T00:00:00.000Z";"2025-03-26T23:59:59.999Z";"2025-03-26T01:47:00.000Z";"2025-03-26T19:17:00.000Z";"2781";2259.7657675865;2268.8086695432;2173.4139823098;2197.1061639693;3322127.1;286438099.54;130370.62;"2025-03-26T23:59:59.999Z"
"2025-03-25T00:00:00.000Z";"2025-03-25T23:59:59.999Z";"2025-03-25T00:24:00.000Z";"2025-03-25T05:17:00.000Z";"2781";2270.1163289057;2286.9907436277;2234.042556195;2259.360930819;4295772;296725190.27;131331.47;"2025-03-25T23:59:59.999Z"
"2025-03-24T00:00:00.000Z";"2025-03-24T23:59:59.999Z";"2025-03-24T11:20:00.000Z";"2025-03-24T02:26:00.000Z";"2781";2178.7851576402;2294.2028464627;2170.9755394626;2269.8227408386;2374291.66;300120032.66;132221.79;"2025-03-24T23:59:59.999Z"
"2025-03-23T00:00:00.000Z";"2025-03-23T23:59:59.999Z";"2025-03-23T11:07:00.000Z";"2025-03-23T00:05:00.000Z";"2781";2165.236526106;2204.3523156359;2162.4875854361;2178.7851576402;689567.58;289692724.41;132960.67;"2025-03-23T23:59:59.999Z"
"2025-03-22T00:00:00.000Z";"2025-03-22T23:59:59.999Z";"2025-03-22T09:49:00.000Z";"2025-03-22T00:02:00.000Z";"2781";2147.7030804032;2183.3722674592;2146.270201833;2165.236526106;746372.06;290660316.78;134239.52;"2025-03-22T23:59:59.999Z"
"2025-03-21T00:00:00.000Z";"2025-03-21T23:59:59.999Z";"2025-03-21T02:04:00.000Z";"2025-03-21T13:37:00.000Z";"2781";2162.2279783581;2172.6173702446;2117.2495372817;2147.7788369085;1559974.74;288164405.12;134168.57;"2025-03-21T23:59:59.999Z"
"2025-03-20T00:00:00.000Z";"2025-03-20T23:59:59.999Z";"2025-03-20T00:14:00.000Z";"2025-03-20T16:53:00.000Z";"2781";2245.5726044063;2253.2167995783;2140.281017944;2162.3254104123;2443869.65;289973056.37;134108.46;"2025-03-20T23:59:59.999Z"
"2025-03-19T00:00:00.000Z";"2025-03-19T23:59:59.999Z";"2025-03-19T23:45:00.000Z";"2025-03-19T00:03:00.000Z";"2781";2107.8710835811;2254.4957460993;2104.7940054918;2245.0100849252;4971615.86;300763463.12;133969.76;"2025-03-19T23:59:59.999Z"
"2025-03-18T00:00:00.000Z";"2025-03-18T23:59:59.999Z";"2025-03-18T23:32:00.000Z";"2025-03-18T18:05:00.000Z";"2781";2105.1276134049;2108.3768895721;2049.2548666184;2107.8710835811;1228478.72;280053630.47;132860.89;"2025-03-18T23:59:59.999Z"
"2025-03-17T00:00:00.000Z";"2025-03-17T23:59:59.999Z";"2025-03-17T19:07:00.000Z";"2025-03-17T06:34:00.000Z";"2781";2059.780658899;2129.4079238992;2055.3083069684;2105.1276134049;2145667.54;280624833.16;133305.38;"2025-03-17T23:59:59.999Z"
"2025-03-16T00:00:00.000Z";"2025-03-16T23:59:59.999Z";"2025-03-16T00:31:00.000Z";"2025-03-16T19:18:00.000Z";"2781";2115.1528438949;2117.7960813167;2042.9536319815;2059.781292919;1690344.29;275720586.46;133859.16;"2025-03-16T23:59:59.999Z"
"2025-03-15T00:00:00.000Z";"2025-03-15T23:59:59.999Z";"2025-03-15T21:41:00.000Z";"2025-03-15T02:39:00.000Z";"2781";2084.7108351833;2133.0259101058;2079.7057114431;2115.155027364;1135069.23;284996684.63;134740.33;"2025-03-15T23:59:59.999Z"
"2025-03-14T00:00:00.000Z";"2025-03-14T23:59:59.999Z";"2025-03-14T19:21:00.000Z";"2025-03-14T00:03:00.000Z";"2781";2033.123681818;2118.9682280553;2030.8792691899;2084.6668889973;1396720.7;279805261.72;134220.61;"2025-03-14T23:59:59.999Z"
"2025-03-13T00:00:00.000Z";"2025-03-13T23:59:59.999Z";"2025-03-13T12:31:00.000Z";"2025-03-13T18:00:00.000Z";"2781";2081.9535453424;2085.9560691627;1993.0415630551;2033.123681818;2299313.16;272633757.4;134096;"2025-03-13T23:59:59.999Z"
"2025-03-12T00:00:00.000Z";"2025-03-12T23:59:59.999Z";"2025-03-12T09:07:00.000Z";"2025-03-12T15:09:00.000Z";"2781";2097.2292760214;2127.0238646434;2009.9744583332;2081.9535453424;1597932.05;282206950.22;135549.11;"2025-03-12T23:59:59.999Z"
"2025-03-11T00:00:00.000Z";"2025-03-11T23:59:59.999Z";"2025-03-11T18:55:00.000Z";"2025-03-11T00:53:00.000Z";"2781";2032.8994448639;2137.6533315151;1928.4818480939;2097.2292760214;3581424.48;285929220.4;136336.65;"2025-03-11T23:59:59.999Z"
"2025-03-10T00:00:00.000Z";"2025-03-10T23:59:59.999Z";"2025-03-10T09:20:00.000Z";"2025-03-10T19:05:00.000Z";"2781";2201.0696834409;2329.5004624772;1988.3952692086;2038.2153853867;5977974.53;276148754.82;135485.56;"2025-03-10T23:59:59.999Z"
"2025-03-09T00:00:00.000Z";"2025-03-09T23:59:59.999Z";"2025-03-09T01:03:00.000Z";"2025-03-09T23:08:00.000Z";"2781";2403.183220026;2411.2126923556;2180.7115299328;2201.6893921803;1666451.83;296774254.64;134793.88;"2025-03-09T23:59:59.999Z"
"2025-03-08T00:00:00.000Z";"2025-03-08T23:59:59.999Z";"2025-03-08T19:57:00.000Z";"2025-03-08T01:35:00.000Z";"2781";2334.5143351254;2430.692237169;2303.443702072;2403.183220026;1126050.76;323297802.77;134528.99;"2025-03-08T23:59:59.999Z"
"2025-03-07T00:00:00.000Z";"2025-03-07T23:59:59.999Z";"2025-03-07T14:51:00.000Z";"2025-03-07T00:56:00.000Z";"2781";2405.6452667484;2452.6184791991;2312.7366950342;2334.6180223737;3780011.57;314570821.6;134741.88;"2025-03-07T23:59:59.999Z"
"2025-03-06T00:00:00.000Z";"2025-03-06T23:59:59.999Z";"2025-03-06T05:59:00.000Z";"2025-03-06T19:32:00.000Z";"2781";2445.2399626253;2524.6578533821;2385.9800598373;2406.19857529;1334395.11;331426941.7;137738.82;"2025-03-06T23:59:59.999Z"
"2025-03-05T00:00:00.000Z";"2025-03-05T23:59:59.999Z";"2025-03-05T10:36:00.000Z";"2025-03-05T00:35:00.000Z";"2781";2367.0497722313;2474.4236060468;2355.277063494;2445.2399626253;1632422.93;339378882.87;138791.65;"2025-03-05T23:59:59.999Z"
"2025-03-04T00:00:00.000Z";"2025-03-04T23:59:59.999Z";"2025-03-04T21:31:00.000Z";"2025-03-04T16:37:00.000Z";"2781";2340.8872710434;2409.5848026062;2191.2775246588;2368.491850347;3863418.34;328329541.02;138708.34;"2025-03-04T23:59:59.999Z"
"2025-03-03T00:00:00.000Z";"2025-03-03T23:59:59.999Z";"2025-03-03T00:02:00.000Z";"2025-03-03T20:43:00.000Z";"2781";2748.7025925964;2750.4412271265;2293.9256364248;2338.038431952;3708547.18;322762520.27;138048.42;"2025-03-03T23:59:59.999Z"
"2025-03-02T00:00:00.000Z";"2025-03-02T23:59:59.999Z";"2025-03-02T22:56:00.000Z";"2025-03-02T14:23:00.000Z";"2781";2418.4883506145;2772.3569194367;2386.2744192365;2748.6952584423;3463395.14;377467949.48;137326.23;"2025-03-02T23:59:59.999Z"
"2025-03-01T00:00:00.000Z";"2025-03-01T23:59:59.999Z";"2025-03-01T04:39:00.000Z";"2025-03-01T13:53:00.000Z";"2781";2438.3522854789;2484.3388755376;2342.6649065352;2418.4879302445;1322584.03;332258564;137382.74;"2025-03-01T23:59:59.999Z"
"2025-02-28T00:00:00.000Z";"2025-02-28T23:59:59.999Z";"2025-02-28T00:26:00.000Z";"2025-02-28T08:18:00.000Z";"2781";2512.6408559843;2519.6161376482;2267.7146298862;2438.3505428419;5046830.89;334451612.13;137162.96;"2025-02-28T23:59:59.999Z"
"2025-02-27T00:00:00.000Z";"2025-02-27T23:59:59.999Z";"2025-02-27T11:21:00.000Z";"2025-02-27T21:07:00.000Z";"2781";2540.8050441024;2597.5994494674;2436.4221500249;2512.6190994913;3099870.15;344823689.21;137236.75;"2025-02-27T23:59:59.999Z"
"2025-02-26T00:00:00.000Z";"2025-02-26T23:59:59.999Z";"2025-02-26T03:21:00.000Z";"2025-02-26T20:21:00.000Z";"2781";2721.5989295873;2730.9028319377;2464.390480883;2540.8050441024;7972292.55;348879900.72;137310.77;"2025-02-26T23:59:59.999Z"
"2025-02-25T00:00:00.000Z";"2025-02-25T23:59:59.999Z";"2025-02-25T22:09:00.000Z";"2025-02-25T07:36:00.000Z";"2781";2745.1951929762;2757.6596715416;2572.2332970485;2721.257907148;2697460.78;378456075.03;139073.95;"2025-02-25T23:59:59.999Z"
"2025-02-24T00:00:00.000Z";"2025-02-24T23:59:59.999Z";"2025-02-24T00:18:00.000Z";"2025-02-24T23:02:00.000Z";"2781";3076.0844535051;3090.3894761898;2728.9794511059;2745.1290932461;2435742.82;380596939.68;138641.12;"2025-02-24T23:59:59.999Z"
"2025-02-23T00:00:00.000Z";"2025-02-23T23:59:59.999Z";"2025-02-23T23:16:00.000Z";"2025-02-23T03:13:00.000Z";"2781";3016.4514753741;3104.1475228213;2995.053189144;3079.3647134474;1083062.59;428282020.86;139081.29;"2025-02-23T23:59:59.999Z"
"2025-02-22T00:00:00.000Z";"2025-02-22T23:59:59.999Z";"2025-02-22T16:06:00.000Z";"2025-02-22T00:03:00.000Z";"2781";2898.5499647853;3054.8703825135;2894.5765847147;3013.2776071201;1173769.35;418636976.59;138930.77;"2025-02-22T23:59:59.999Z"
"2025-02-21T00:00:00.000Z";"2025-02-21T23:59:59.999Z";"2025-02-21T13:42:00.000Z";"2025-02-21T21:30:00.000Z";"2781";2988.4256426525;3097.7132230728;2859.45829455;2898.5380639154;8180418.98;402102207.23;138725.3;"2025-02-21T23:59:59.999Z"
"2025-02-20T00:00:00.000Z";"2025-02-20T23:59:59.999Z";"2025-02-20T14:24:00.000Z";"2025-02-20T00:36:00.000Z";"2781";2963.8942087333;3015.6251721181;2958.5098502541;2988.6857821229;1041032.27;410910201;137500.56;"2025-02-20T23:59:59.999Z"
"2025-02-19T00:00:00.000Z";"2025-02-19T23:59:59.999Z";"2025-02-19T11:18:00.000Z";"2025-02-19T01:20:00.000Z";"2781";2908.7634386736;2984.4742402951;2898.0412606513;2963.8942087333;1816938;404351373.48;136425.71;"2025-02-19T23:59:59.999Z"
"2025-02-18T00:00:00.000Z";"2025-02-18T23:59:59.999Z";"2025-02-18T00:08:00.000Z";"2025-02-18T17:50:00.000Z";"2781";2993.8356333308;3003.0609076099;2849.1798913351;2910.1881391986;2061446.52;396291366.63;136173.8;"2025-02-18T23:59:59.999Z"
"2025-02-17T00:00:00.000Z";"2025-02-17T23:59:59.999Z";"2025-02-17T15:04:00.000Z";"2025-02-17T05:04:00.000Z";"2781";2903.0717576971;3101.7238449173;2884.4064204395;2993.8356333308;4191199.04;407330103.22;136056.27;"2025-02-17T23:59:59.999Z"
"2025-02-16T00:00:00.000Z";"2025-02-16T23:59:59.999Z";"2025-02-16T05:49:00.000Z";"2025-02-16T23:20:00.000Z";"2781";2935.2173991363;2969.791348229;2897.8383100642;2903.409760682;1145252.18;398674423.27;137312.49;"2025-02-16T23:59:59.999Z"
"2025-02-15T00:00:00.000Z";"2025-02-15T23:59:59.999Z";"2025-02-15T03:14:00.000Z";"2025-02-15T17:45:00.000Z";"2781";2968.6517517439;2979.4119609276;2921.8707036428;2935.1079760094;782000.61;404692252.06;137879.85;"2025-02-15T23:59:59.999Z"
"2025-02-14T00:00:00.000Z";"2025-02-14T23:59:59.999Z";"2025-02-14T18:08:00.000Z";"2025-02-14T00:19:00.000Z";"2781";2914.1352775272;3036.9554232449;2904.9134428255;2968.337303289;1890319.44;409136118.13;137833.43;"2025-02-14T23:59:59.999Z"
"2025-02-13T00:00:00.000Z";"2025-02-13T23:59:59.999Z";"2025-02-13T01:50:00.000Z";"2025-02-13T18:10:00.000Z";"2781";2983.3530729977;3001.0139620703;2853.9644194853;2913.3432891101;1769615.59;402038814.67;137999.12;"2025-02-13T23:59:59.999Z"
"2025-02-12T00:00:00.000Z";"2025-02-12T23:59:59.999Z";"2025-02-12T22:38:00.000Z";"2025-02-12T14:33:00.000Z";"2781";2835.4293420429;3026.6662006686;2786.4735178684;2983.3535250924;3808207.88;410667658.07;137653.03;"2025-02-12T23:59:59.999Z"
"2025-02-11T00:00:00.000Z";"2025-02-11T23:59:59.999Z";"2025-02-11T08:44:00.000Z";"2025-02-11T22:59:00.000Z";"2781";2898.3303322596;2964.8281214295;2817.3790439564;2835.6900439992;2959827.65;391319112.68;137997.84;"2025-02-11T23:59:59.999Z"
"2025-02-10T00:00:00.000Z";"2025-02-10T23:59:59.999Z";"2025-02-10T19:28:00.000Z";"2025-02-10T01:47:00.000Z";"2781";2861.9070566162;2931.0133210182;2805.0960462158;2898.3303322596;1353282.52;400049833.02;138027.69;"2025-02-10T23:59:59.999Z"
"2025-02-09T00:00:00.000Z";"2025-02-09T23:59:59.999Z";"2025-02-09T03:55:00.000Z";"2025-02-09T22:02:00.000Z";"2781";2866.8160962302;2916.7341703532;2769.3884751049;2863.8556374025;1590382.67;394936125.54;137903.64;"2025-02-09T23:59:59.999Z"
"2025-02-08T00:00:00.000Z";"2025-02-08T23:59:59.999Z";"2025-02-08T00:44:00.000Z";"2025-02-08T16:21:00.000Z";"2781";2853.588509131;2895.8913142677;2825.1549626991;2866.7545198319;2349132.9;404424744.73;141074.08;"2025-02-08T23:59:59.999Z"
"2025-02-07T00:00:00.000Z";"2025-02-07T23:59:59.999Z";"2025-02-07T14:22:00.000Z";"2025-02-07T22:35:00.000Z";"2781";2923.8824960904;3036.3189923806;2795.0559043248;2853.9457543533;4562272.88;406136860.53;142307.14;"2025-02-07T23:59:59.999Z"
"2025-02-06T00:00:00.000Z";"2025-02-06T23:59:59.999Z";"2025-02-06T10:00:00.000Z";"2025-02-06T22:16:00.000Z";"2781";3028.8834135809;3101.6370659857;2911.2517390505;2923.6357782875;2624038.78;421968202.06;144329.95;"2025-02-06T23:59:59.999Z"
"2025-02-05T00:00:00.000Z";"2025-02-05T23:59:59.999Z";"2025-02-05T14:19:00.000Z";"2025-02-05T02:27:00.000Z";"2781";2970.8476623022;3067.0041725936;2949.3311686455;3028.8360685994;2098666.18;436517021.05;144118.13;"2025-02-05T23:59:59.999Z"
"2025-02-04T00:00:00.000Z";"2025-02-04T23:59:59.999Z";"2025-02-04T00:22:00.000Z";"2025-02-04T22:01:00.000Z";"2781";3131.9100951255;3135.6056222517;2873.3122461698;2970.8128739361;2732998.68;427742678.65;143981.7;"2025-02-04T23:59:59.999Z"
"2025-02-03T00:00:00.000Z";"2025-02-03T23:59:59.999Z";"2025-02-03T22:31:00.000Z";"2025-02-03T02:10:00.000Z";"2781";3119.9992744015;3159.5103314103;2438.1228149363;3126.50569982;10643498.95;450065151.01;143703.09;"2025-02-03T23:59:59.999Z"
"2025-02-02T00:00:00.000Z";"2025-02-02T23:59:59.999Z";"2025-02-02T01:25:00.000Z";"2025-02-02T22:43:00.000Z";"2781";3391.8715200881;3438.7396589132;3026.7785476903;3118.4758922771;7784202.58;445685131.67;142847.83;"2025-02-02T23:59:59.999Z"
"2025-02-01T00:00:00.000Z";"2025-02-01T23:59:59.999Z";"2025-02-01T01:29:00.000Z";"2025-02-01T23:28:00.000Z";"2781";3586.3627456593;3614.6176161652;3379.2665527091;3391.5788449143;2141991.56;484070678.68;142727.24;"2025-02-01T23:59:59.999Z"
"2025-01-31T00:00:00.000Z";"2025-01-31T23:59:59.999Z";"2025-01-31T16:02:00.000Z";"2025-01-31T04:59:00.000Z";"2781";3531.6053350419;3727.5096973523;3497.9307972731;3585.5233870037;2949146.33;511228524.34;142581.28;"2025-01-31T23:59:59.999Z"
"2025-01-30T00:00:00.000Z";"2025-01-30T23:59:59.999Z";"2025-01-30T17:00:00.000Z";"2025-01-30T00:33:00.000Z";"2781";3384.8742593899;3564.5493563674;3367.3836350224;3531.6053350419;2508243.4;506439944.03;143402.19;"2025-01-30T23:59:59.999Z"
"2025-01-29T00:00:00.000Z";"2025-01-29T23:59:59.999Z";"2025-01-29T20:30:00.000Z";"2025-01-29T19:27:00.000Z";"2781";3341.5728521036;3447.6160148464;3324.0265216392;3384.8742593899;3399962.48;487392898.37;143991.43;"2025-01-29T23:59:59.999Z"
"2025-01-28T00:00:00.000Z";"2025-01-28T23:59:59.999Z";"2025-01-28T05:43:00.000Z";"2025-01-28T22:13:00.000Z";"2781";3443.7452448713;3488.5397364528;3317.1760736696;3341.561909985;3245423.73;489063908.44;146357.4;"2025-01-28T23:59:59.999Z"
"2025-01-27T00:00:00.000Z";"2025-01-27T23:59:59.999Z";"2025-01-27T00:10:00.000Z";"2025-01-27T07:31:00.000Z";"2781";3521.9828679107;3531.0761559229;3300.7500748065;3443.7452448713;3474268.42;511862413.64;148635.39;"2025-01-27T23:59:59.999Z"
"2025-01-26T00:00:00.000Z";"2025-01-26T23:59:59.999Z";"2025-01-26T04:36:00.000Z";"2025-01-26T23:57:00.000Z";"2781";3608.2261571748;3639.4990158023;3518.0419280185;3520.0663997365;3109146.83;521786448.5;148231.99;"2025-01-26T23:59:59.999Z"
"2025-01-25T00:00:00.000Z";"2025-01-25T23:59:59.999Z";"2025-01-25T20:35:00.000Z";"2025-01-25T00:58:00.000Z";"2781";3594.3421894905;3633.8675644937;3556.5584870349;3608.3176133631;1975968.57;534543923.05;148145.9;"2025-01-25T23:59:59.999Z"
"2025-01-24T00:00:00.000Z";"2025-01-24T23:59:59.999Z";"2025-01-24T14:46:00.000Z";"2025-01-24T04:51:00.000Z";"2781";3608.6621604177;3711.496090924;3556.4331330838;3594.0587563583;11152879.99;537325055.04;149503.69;"2025-01-24T23:59:59.999Z"
"2025-01-23T00:00:00.000Z";"2025-01-23T23:59:59.999Z";"2025-01-23T23:42:00.000Z";"2025-01-23T12:24:00.000Z";"2781";3524.1427433892;3616.1222874821;3465.8291985403;3613.3240082397;4464650.63;549451311.87;152259.01;"2025-01-23T23:59:59.999Z"
"2025-01-22T00:00:00.000Z";"2025-01-22T23:59:59.999Z";"2025-01-22T01:01:00.000Z";"2025-01-22T23:12:00.000Z";"2781";3616.3052925947;3651.1799118832;3507.7660196742;3524.1427433892;7470676.87;536080788.18;152116.65;"2025-01-22T23:59:59.999Z"
"2025-01-21T00:00:00.000Z";"2025-01-21T23:59:59.999Z";"2025-01-21T18:39:00.000Z";"2025-01-21T01:33:00.000Z";"2781";3568.6130697375;3651.8379838264;3497.930781412;3616.3227670096;5458991.49;547456580.74;151385.61;"2025-01-21T23:59:59.999Z"
"2025-01-20T00:00:00.000Z";"2025-01-20T23:59:59.999Z";"2025-01-20T07:16:00.000Z";"2025-01-20T00:49:00.000Z";"2781";3503.1876498133;3722.1730194148;3425.7880108849;3567.8141329111;6378475.63;538309084.18;150879.24;"2025-01-20T23:59:59.999Z"
"2025-01-19T00:00:00.000Z";"2025-01-19T23:59:59.999Z";"2025-01-19T18:03:00.000Z";"2025-01-19T11:54:00.000Z";"2781";3587.3221689271;3732.2893489799;3403.5826181392;3499.0691343446;9319759.15;529483538.8;151321.26;"2025-01-19T23:59:59.999Z"
"2025-01-18T00:00:00.000Z";"2025-01-18T23:59:59.999Z";"2025-01-18T00:57:00.000Z";"2025-01-18T10:49:00.000Z";"2781";3779.3025061347;3797.1037999067;3522.8550704384;3587.306958077;8294965.87;547333787.28;152574.47;"2025-01-18T23:59:59.999Z"
"2025-01-17T00:00:00.000Z";"2025-01-17T23:59:59.999Z";"2025-01-17T20:56:00.000Z";"2025-01-17T00:02:00.000Z";"2781";3594.0057090642;3821.3257668313;3593.2415831816;3775.5842320445;4625773.05;571351782.05;151377.63;"2025-01-17T23:59:59.999Z"
"2025-01-16T00:00:00.000Z";"2025-01-16T23:59:59.999Z";"2025-01-16T00:04:00.000Z";"2025-01-16T22:37:00.000Z";"2781";3744.9871190388;3751.531048239;3562.1799024304;3594.0057090642;5318320.03;542876075.62;151050.42;"2025-01-16T23:59:59.999Z"
"2025-01-15T00:00:00.000Z";"2025-01-15T23:59:59.999Z";"2025-01-15T20:24:00.000Z";"2025-01-15T12:27:00.000Z";"2781";3505.0123855839;3760.3320799298;3465.7616696554;3744.9871190388;4174848.72;564835742.42;150824.48;"2025-01-15T23:59:59.999Z"
"2025-01-14T00:00:00.000Z";"2025-01-14T23:59:59.999Z";"2025-01-14T09:54:00.000Z";"2025-01-14T00:19:00.000Z";"2781";3405.5089612245;3523.5550843295;3399.3939275741;3505.210601692;3290856.99;528120662.29;150675.83;"2025-01-14T23:59:59.999Z"
"2025-01-13T00:00:00.000Z";"2025-01-13T23:59:59.999Z";"2025-01-13T00:43:00.000Z";"2025-01-13T14:37:00.000Z";"2781";3546.6016798591;3598.6052926535;3248.9940808333;3405.2894615703;3856941.39;512285861.46;150438.27;"2025-01-13T23:59:59.999Z"
"2025-01-12T00:00:00.000Z";"2025-01-12T23:59:59.999Z";"2025-01-12T18:18:00.000Z";"2025-01-12T09:39:00.000Z";"2781";3568.0477380775;3577.3199691594;3520.1804103033;3545.9237443957;1606785.62;532223065.83;150094.33;"2025-01-12T23:59:59.999Z"
"2025-01-11T00:00:00.000Z";"2025-01-11T23:59:59.999Z";"2025-01-11T21:26:00.000Z";"2025-01-11T08:52:00.000Z";"2781";3550.7319015096;3595.7343515939;3506.724813123;3568.054069509;1836927.42;535183173.42;149993.28;"2025-01-11T23:59:59.999Z"
"2025-01-10T00:00:00.000Z";"2025-01-10T23:59:59.999Z";"2025-01-10T11:05:00.000Z";"2025-01-10T00:49:00.000Z";"2781";3496.8532439842;3603.7129933767;3495.7106948053;3550.4702110278;2444993.97;534036010.68;150412.76;"2025-01-10T23:59:59.999Z"
"2025-01-09T00:00:00.000Z";"2025-01-09T23:59:59.999Z";"2025-01-09T01:27:00.000Z";"2025-01-09T20:25:00.000Z";"2781";3610.7764206957;3638.2845418959;3464.0010461414;3496.7005620795;2983695.17;526345669.37;150526.38;"2025-01-09T23:59:59.999Z"
"2025-01-08T00:00:00.000Z";"2025-01-08T23:59:59.999Z";"2025-01-08T00:52:00.000Z";"2025-01-08T17:38:00.000Z";"2781";3672.4212866162;3702.7411713692;3522.4496786595;3610.6311722158;3981311.95;552731264.34;153084.39;"2025-01-08T23:59:59.999Z"
"2025-01-07T00:00:00.000Z";"2025-01-07T23:59:59.999Z";"2025-01-07T02:24:00.000Z";"2025-01-07T22:03:00.000Z";"2781";4004.0201238047;4013.3320648244;3656.4981228678;3673.7326082487;3891958.23;567213094.07;154396.95;"2025-01-07T23:59:59.999Z"
"2025-01-06T00:00:00.000Z";"2025-01-06T23:59:59.999Z";"2025-01-06T16:35:00.000Z";"2025-01-06T01:23:00.000Z";"2781";3951.943988165;4045.5273266472;3932.5581617332;4002.0003657751;5087830.58;617891176.85;154395.58;"2025-01-06T23:59:59.999Z"
"2025-01-05T00:00:00.000Z";"2025-01-05T23:59:59.999Z";"2025-01-05T00:20:00.000Z";"2025-01-05T14:21:00.000Z";"2781";3971.3288827601;3984.7657279145;3913.66981409;3953.0116793365;2688149.77;609754436.45;154250.6;"2025-01-05T23:59:59.999Z"
"2025-01-04T00:00:00.000Z";"2025-01-04T23:59:59.999Z";"2025-01-04T21:25:00.000Z";"2025-01-04T10:25:00.000Z";"2781";3914.7192489071;3977.6779781819;3884.8982523049;3973.6382464908;3341417.71;612012244.39;154018.11;"2025-01-04T23:59:59.999Z"
"2025-01-03T00:00:00.000Z";"2025-01-03T23:59:59.999Z";"2025-01-03T22:30:00.000Z";"2025-01-03T08:34:00.000Z";"2781";3746.8746696292;3929.1387649468;3723.5722527413;3914.7192489071;1930966.63;602112947.22;153807.44;"2025-01-03T23:59:59.999Z"
"2025-01-02T00:00:00.000Z";"2025-01-02T23:59:59.999Z";"2025-01-02T15:00:00.000Z";"2025-01-02T00:06:00.000Z";"2781";3642.1045709261;3807.4498975083;3635.6964908822;3746.8440828109;2575054.76;576623876.98;153895.88;"2025-01-02T23:59:59.999Z"
"2025-01-01T00:00:00.000Z";"2025-01-01T23:59:59.999Z";"2025-01-01T22:28:00.000Z";"2025-01-01T09:28:00.000Z";"2781";3617.8837463698;3654.1385559897;3597.5574466143;3642.3413111446;2032483.87;560231245.39;153810.75;"2025-01-01T23:59:59.999Z"
"2024-12-31T00:00:00.000Z";"2024-12-31T23:59:59.999Z";"2024-12-31T14:35:00.000Z";"2024-12-31T01:11:00.000Z";"2781";3638.4044218911;3732.0408595857;3599.0685720309;3618.3257788818;2641808.45;555862652.79;153624.27;"2024-12-31T23:59:59.999Z"
"2024-12-30T00:00:00.000Z";"2024-12-30T23:59:59.999Z";"2024-12-30T12:28:00.000Z";"2024-12-30T15:38:00.000Z";"2781";3627.9082686244;3712.3563273067;3585.5314177678;3640.7410220687;2256593.88;573351861.49;157482.19;"2024-12-30T23:59:59.999Z"
"2024-12-29T00:00:00.000Z";"2024-12-29T23:59:59.999Z";"2024-12-29T10:42:00.000Z";"2024-12-29T23:16:00.000Z";"2781";3683.3739821597;3692.7473180235;3604.2850397971;3627.8629314661;1548364.7;572118311.26;157701.19;"2024-12-29T23:59:59.999Z"
"2024-12-28T00:00:00.000Z";"2024-12-28T23:59:59.999Z";"2024-12-28T22:55:00.000Z";"2024-12-28T01:36:00.000Z";"2781";3603.8269694688;3700.7967733778;3598.3473664369;3683.3740534606;1021870.71;583389318.94;158384.49;"2024-12-28T23:59:59.999Z"
"2024-12-27T00:00:00.000Z";"2024-12-27T23:59:59.999Z";"2024-12-27T09:47:00.000Z";"2024-12-27T17:26:00.000Z";"2781";3606.8604764126;3705.0729893802;3584.4744453143;3603.8269694688;1234336.18;573162713.31;159042.79;"2024-12-27T23:59:59.999Z"
"2024-12-26T00:00:00.000Z";"2024-12-26T23:59:59.999Z";"2024-12-26T00:12:00.000Z";"2024-12-26T21:17:00.000Z";"2781";3786.6548067072;3802.361247101;3586.6590199164;3606.9016333807;822485.37;574975176.11;159409.72;"2024-12-26T23:59:59.999Z"
"2024-12-25T00:00:00.000Z";"2024-12-25T23:59:59.999Z";"2024-12-25T10:23:00.000Z";"2024-12-25T16:42:00.000Z";"2781";3785.929064105;3832.1306111053;3738.9027013038;3786.6548067072;4597400.19;607875885.48;160531.11;"2024-12-25T23:59:59.999Z"
"2024-12-24T00:00:00.000Z";"2024-12-24T23:59:59.999Z";"2024-12-24T18:17:00.000Z";"2024-12-24T02:22:00.000Z";"2781";3705.6654189297;3825.2356700002;3645.7279746426;3786.421603276;1660428.41;608116119.97;160604.44;"2024-12-24T23:59:59.999Z"
"2024-12-23T00:00:00.000Z";"2024-12-23T23:59:59.999Z";"2024-12-23T23:03:00.000Z";"2024-12-23T01:22:00.000Z";"2781";3553.2400355901;3738.8866580154;3496.526435604;3705.7734971353;2380723.66;602189590.33;162505.12;"2024-12-23T23:59:59.999Z"
"2024-12-22T00:00:00.000Z";"2024-12-22T23:59:59.999Z";"2024-12-22T09:49:00.000Z";"2024-12-22T20:12:00.000Z";"2781";3608.9746794799;3673.343360316;3499.5771078215;3553.0156186241;3339656.94;580907699.09;163497.09;"2024-12-22T23:59:59.999Z"
"2024-12-21T00:00:00.000Z";"2024-12-21T23:59:59.999Z";"2024-12-21T07:43:00.000Z";"2024-12-21T22:14:00.000Z";"2781";3755.9950795334;3831.5494029363;3577.355431296;3609.9029873135;2300468.77;592660144.04;164176.2;"2024-12-21T23:59:59.999Z"
"2024-12-20T00:00:00.000Z";"2024-12-20T23:59:59.999Z";"2024-12-20T19:46:00.000Z";"2024-12-20T12:03:00.000Z";"2781";3706.3111928452;3768.7485069021;3369.9788855847;3755.7990488159;2668320.48;626937300.98;166925.15;"2024-12-20T23:59:59.999Z"
"2024-12-19T00:00:00.000Z";"2024-12-19T23:59:59.999Z";"2024-12-19T10:50:00.000Z";"2024-12-19T20:38:00.000Z";"2781";3925.698296347;4023.8754023097;3615.6232165985;3706.5625772096;3343095.8;617500791.81;166596.62;"2024-12-19T23:59:59.999Z"
"2024-12-18T00:00:00.000Z";"2024-12-18T23:59:59.999Z";"2024-12-18T00:19:00.000Z";"2024-12-18T23:57:00.000Z";"2781";4213.2382553919;4232.0528255349;3923.8454894051;3926.7320699201;3439297.81;652823997.24;166251.22;"2024-12-18T23:59:59.999Z"
"2024-12-17T00:00:00.000Z";"2024-12-17T23:59:59.999Z";"2024-12-17T03:47:00.000Z";"2024-12-17T23:11:00.000Z";"2781";4324.7671711897;4376.3582638203;4184.4329927497;4213.8289628292;2401708.06;699368054;165969.73;"2024-12-17T23:59:59.999Z"
"2024-12-16T00:00:00.000Z";"2024-12-16T23:59:59.999Z";"2024-12-16T18:54:00.000Z";"2024-12-16T13:08:00.000Z";"2781";4277.5499100526;4442.4195216145;4214.1612623625;4324.7707679422;4651518.96;722893455.01;167151.85;"2024-12-16T23:59:59.999Z"
"2024-12-15T00:00:00.000Z";"2024-12-15T23:59:59.999Z";"2024-12-15T23:55:00.000Z";"2024-12-15T07:46:00.000Z";"2781";4194.9855341554;4302.3882200565;4161.3100781085;4276.8627398381;2266365.73;714754315.28;167094.33;"2024-12-15T23:59:59.999Z"
"2024-12-14T00:00:00.000Z";"2024-12-14T23:59:59.999Z";"2024-12-14T01:27:00.000Z";"2024-12-14T20:55:00.000Z";"2781";4244.7102870735;4278.34613628;4152.8421621414;4194.1628023509;2832312.31;699827587.23;166857.52;"2024-12-14T23:59:59.999Z"
"2024-12-13T00:00:00.000Z";"2024-12-13T23:59:59.999Z";"2024-12-13T15:17:00.000Z";"2024-12-13T01:26:00.000Z";"2781";4208.6928791533;4297.3397554969;4184.5957263395;4244.7102870735;2745302.8;708913810.81;167011.12;"2024-12-13T23:59:59.999Z"
"2024-12-12T00:00:00.000Z";"2024-12-12T23:59:59.999Z";"2024-12-12T15:06:00.000Z";"2024-12-12T01:56:00.000Z";"2781";4157.6446532417;4317.6312526981;4121.3915111998;4208.7565764156;3677166.57;703634287.08;167183.41;"2024-12-12T23:59:59.999Z"
"2024-12-11T00:00:00.000Z";"2024-12-11T23:59:59.999Z";"2024-12-11T23:10:00.000Z";"2024-12-11T02:05:00.000Z";"2781";3940.3188488251;4171.531866429;3865.4386606198;4157.6446532417;3916140.61;696226659.28;167456.99;"2024-12-11T23:59:59.999Z"
"2024-12-10T00:00:00.000Z";"2024-12-10T23:59:59.999Z";"2024-12-10T00:49:00.000Z";"2024-12-10T18:13:00.000Z";"2781";4029.2672254371;4092.3557240254;3821.5358073379;3935.6955590686;3187893.69;663584943.99;168606.78;"2024-12-10T23:59:59.999Z"
"2024-12-09T00:00:00.000Z";"2024-12-09T23:59:59.999Z";"2024-12-09T00:02:00.000Z";"2024-12-09T21:07:00.000Z";"2781";4338.5299730035;4342.6713067947;3903.4169999692;4028.999412689;6654697.61;678250608.59;168342.2;"2024-12-09T23:59:59.999Z"
"2024-12-08T00:00:00.000Z";"2024-12-08T23:59:59.999Z";"2024-12-08T01:06:00.000Z";"2024-12-08T09:57:00.000Z";"2781";4343.8206589635;4347.616730282;4259.2840728502;4345.9129261176;2186757.52;729249662.37;167849.04;"2024-12-08T23:59:59.999Z"
"2024-12-07T00:00:00.000Z";"2024-12-07T23:59:59.999Z";"2024-12-07T20:52:00.000Z";"2024-12-07T10:06:00.000Z";"2781";4344.5210744136;4364.9613480299;4301.8236775983;4337.3404512314;4421583.9;728380331.95;167932.48;"2024-12-07T23:59:59.999Z"
"2024-12-06T00:00:00.000Z";"2024-12-06T23:59:59.999Z";"2024-12-06T20:23:00.000Z";"2024-12-06T00:07:00.000Z";"2781";4111.4506340166;4431.8988161339;4101.8851760155;4344.5210744136;5589672.53;726845194.95;167301.57;"2024-12-06T23:59:59.999Z"
"2024-12-05T00:00:00.000Z";"2024-12-05T23:59:59.999Z";"2024-12-05T14:52:00.000Z";"2024-12-05T22:30:00.000Z";"2781";4165.3409135019;4285.3522476145;4036.9438138;4125.7061727324;5784743.2;688853179.83;167052.45;"2024-12-05T23:59:59.999Z"
"2024-12-04T00:00:00.000Z";"2024-12-04T23:59:59.999Z";"2024-12-04T21:03:00.000Z";"2024-12-04T00:01:00.000Z";"2781";3925.1294298751;4211.8550298292;3922.8268693792;4165.3409135019;5229438.88;694481871.55;166728.7;"2024-12-04T23:59:59.999Z"
"2024-12-03T00:00:00.000Z";"2024-12-03T23:59:59.999Z";"2024-12-03T06:47:00.000Z";"2024-12-03T14:36:00.000Z";"2781";3944.6915564233;3974.6331966527;3815.7458214595;3925.7598634872;4418881.75;654532912.61;166754.48;"2024-12-03T23:59:59.999Z"
"2024-12-02T00:00:00.000Z";"2024-12-02T23:59:59.999Z";"2024-12-02T03:07:00.000Z";"2024-12-02T18:00:00.000Z";"2781";4021.973749748;4070.6339193598;3866.2462006313;3944.6915564233;4576168.92;657887587.9;166777.95;"2024-12-02T23:59:59.999Z"
"2024-12-01T00:00:00.000Z";"2024-12-01T23:59:59.999Z";"2024-12-01T16:43:00.000Z";"2024-12-01T02:58:00.000Z";"2781";4014.553589043;4055.3445869359;3974.5493704039;4021.973749748;2437151.27;670126366.35;166616.3;"2024-12-01T23:59:59.999Z"
"2024-11-30T00:00:00.000Z";"2024-11-30T23:59:59.999Z";"2024-11-30T23:10:00.000Z";"2024-11-30T01:06:00.000Z";"2781";3895.4108974015;4041.2221091156;3880.1657497713;4014.9634915956;2640871.07;667703247.08;166320.67;"2024-11-30T23:59:59.999Z"
"2024-11-29T00:00:00.000Z";"2024-11-29T23:59:59.999Z";"2024-11-29T15:21:00.000Z";"2024-11-29T07:27:00.000Z";"2781";3881.7988973938;3940.1254724815;3845.7141816254;3895.5108255328;1865594.98;646916585.18;166067.2;"2024-11-29T23:59:59.999Z"
"2024-11-28T00:00:00.000Z";"2024-11-28T23:59:59.999Z";"2024-11-28T00:48:00.000Z";"2024-11-28T16:54:00.000Z";"2781";3967.52607586;3970.1841147329;3833.5965476141;3881.7988973938;2139892.99;644255191.96;165968.2;"2024-11-28T23:59:59.999Z"
"2024-11-27T00:00:00.000Z";"2024-11-27T23:59:59.999Z";"2024-11-27T23:05:00.000Z";"2024-11-27T01:11:00.000Z";"2781";3603.6130174299;3993.3874410011;3582.2127646661;3967.52607586;5258849.25;659445320.65;166210.71;"2024-11-27T23:59:59.999Z"
"2024-11-26T00:00:00.000Z";"2024-11-26T23:59:59.999Z";"2024-11-26T01:37:00.000Z";"2024-11-26T18:39:00.000Z";"2781";3699.5195495156;3744.2493694577;3532.7100358452;3603.6130174299;3267361.25;599633608.55;166397.89;"2024-11-26T23:59:59.999Z"
"2024-11-25T00:00:00.000Z";"2024-11-25T23:59:59.999Z";"2024-11-25T16:05:00.000Z";"2024-11-25T01:27:00.000Z";"2781";3639.3747850142;3825.9966379272;3586.8296406272;3700.6977331941;4742760.97;619430646.91;167435.43;"2024-11-25T23:59:59.999Z"
"2024-11-24T00:00:00.000Z";"2024-11-24T23:59:59.999Z";"2024-11-24T02:15:00.000Z";"2024-11-24T16:02:00.000Z";"2781";3675.875988416;3737.3367822786;3563.9390747454;3639.3747850142;2107616.86;608603933.45;167319.64;"2024-11-24T23:59:59.999Z"
"2024-11-23T00:00:00.000Z";"2024-11-23T23:59:59.999Z";"2024-11-23T14:48:00.000Z";"2024-11-23T02:55:00.000Z";"2781";3603.0800529069;3781.7252144366;3590.7087812607;3675.8759127448;3880072.98;614293557.85;167114.88;"2024-11-23T23:59:59.999Z"
"2024-11-22T00:00:00.000Z";"2024-11-22T23:59:59.999Z";"2024-11-22T04:32:00.000Z";"2024-11-22T13:30:00.000Z";"2781";3634.9344475093;3700.0374895795;3537.4393218574;3603.2041640252;6491014.94;604796428.3;167855.4;"2024-11-22T23:59:59.999Z"
"2024-11-21T00:00:00.000Z";"2024-11-21T23:59:59.999Z";"2024-11-21T19:06:00.000Z";"2024-11-21T02:43:00.000Z";"2781";3326.0720638369;3660.8813096384;3285.7559249948;3636.3199865739;11999159.34;606542469.76;166801.18;"2024-11-21T23:59:59.999Z"
"2024-11-20T00:00:00.000Z";"2024-11-20T23:59:59.999Z";"2024-11-20T14:12:00.000Z";"2024-11-20T19:24:00.000Z";"2781";3364.7190766766;3420.1039472529;3283.0510518418;3310.016165723;6852311.28;554635158.9;167562.67;"2024-11-20T23:59:59.999Z"
"2024-11-19T00:00:00.000Z";"2024-11-19T23:59:59.999Z";"2024-11-19T00:10:00.000Z";"2024-11-19T22:34:00.000Z";"2781";3465.684138635;3486.9142422051;3324.7585064422;3366.0825005131;3995862.17;560129093.62;166403.85;"2024-11-19T23:59:59.999Z"
"2024-11-18T00:00:00.000Z";"2024-11-18T23:59:59.999Z";"2024-11-18T23:51:00.000Z";"2024-11-18T11:52:00.000Z";"2781";3328.0832249371;3484.827458007;3306.1679742421;3464.5116745763;4107308.87;577483918.77;166685.52;"2024-11-18T23:59:59.999Z"
"2024-11-17T00:00:00.000Z";"2024-11-17T23:59:59.999Z";"2024-11-17T00:55:00.000Z";"2024-11-17T22:06:00.000Z";"2781";3393.1582054624;3414.7022945407;3298.637741412;3328.0832249371;4077518.22;554593841.65;166640.62;"2024-11-17T23:59:59.999Z"
"2024-11-16T00:00:00.000Z";"2024-11-16T23:59:59.999Z";"2024-11-16T12:06:00.000Z";"2024-11-16T00:32:00.000Z";"2781";3349.9459702033;3483.0018219385;3330.0241655979;3393.4070964119;3763177.83;564781615.59;166434.97;"2024-11-16T23:59:59.999Z"
"2024-11-15T00:00:00.000Z";"2024-11-15T23:59:59.999Z";"2024-11-15T12:15:00.000Z";"2024-11-15T16:45:00.000Z";"2781";3313.9494349415;3386.4620098075;3265.8323206865;3358.5479436917;5967172.78;559525828.92;166597.54;"2024-11-15T23:59:59.999Z"
"2024-11-14T00:00:00.000Z";"2024-11-14T23:59:59.999Z";"2024-11-14T04:56:00.000Z";"2024-11-14T23:42:00.000Z";"2781";3458.7441053414;3502.5502742875;3298.2758938263;3312.2776671245;7935559.49;553190622.64;167012.15;"2024-11-14T23:59:59.999Z"
"2024-11-13T00:00:00.000Z";"2024-11-13T23:59:59.999Z";"2024-11-13T16:16:00.000Z";"2024-11-13T21:23:00.000Z";"2781";3510.8838691958;3603.8191732539;3378.9054715169;3458.7441053414;8602419.4;630768528.13;182369.24;"2024-11-13T23:59:59.999Z"
"2024-11-12T00:00:00.000Z";"2024-11-12T23:59:59.999Z";"2024-11-12T09:04:00.000Z";"2024-11-12T13:52:00.000Z";"2781";3645.1089157263;3714.5736228877;3480.2716012204;3515.8053173699;6774825.03;642256699.15;182676.98;"2024-11-12T23:59:59.999Z"
"2024-11-11T00:00:00.000Z";"2024-11-11T23:59:59.999Z";"2024-11-11T23:53:00.000Z";"2024-11-11T05:58:00.000Z";"2781";3448.2260481023;3661.0837669416;3372.0277329417;3645.1089157263;4517592.1;666229783.07;182773.63;"2024-11-11T23:59:59.999Z"
"2024-11-10T00:00:00.000Z";"2024-11-10T23:59:59.999Z";"2024-11-10T18:38:00.000Z";"2024-11-10T21:14:00.000Z";"2781";3385.1988601182;3516.7732037526;3330.1353752992;3448.2260481023;2533982.47;627872206.92;182085.57;"2024-11-10T23:59:59.999Z"
"2024-11-09T00:00:00.000Z";"2024-11-09T23:59:59.999Z";"2024-11-09T23:32:00.000Z";"2024-11-09T00:06:00.000Z";"2781";3204.9080705954;3408.3640179138;3199.5432110153;3385.8880943645;2769729.88;614474336.41;181480.99;"2024-11-09T23:59:59.999Z"
"2024-11-08T00:00:00.000Z";"2024-11-08T23:59:59.999Z";"2024-11-08T19:49:00.000Z";"2024-11-08T03:04:00.000Z";"2781";3137.1253583221;3226.0348124713;3129.4517396601;3204.9080705954;2327093.34;580557558.02;181146.4;"2024-11-08T23:59:59.999Z"
"2024-11-07T00:00:00.000Z";"2024-11-07T23:59:59.999Z";"2024-11-07T21:37:00.000Z";"2024-11-07T00:39:00.000Z";"2781";2949.295947095;3153.9515884722;2925.5910023363;3137.1253583221;3077816.69;568088369.26;181085.65;"2024-11-07T23:59:59.999Z"
"2024-11-06T00:00:00.000Z";"2024-11-06T23:59:59.999Z";"2024-11-06T22:55:00.000Z";"2024-11-06T00:00:00.000Z";"2781";2623.705254732;2966.4433157968;2623.1582188308;2946.8501592133;4479318.62;532250500.78;180616.75;"2024-11-06T23:59:59.999Z"
"2024-11-05T00:00:00.000Z";"2024-11-05T23:59:59.999Z";"2024-11-05T14:53:00.000Z";"2024-11-05T01:36:00.000Z";"2781";2595.6925773978;2679.0299247971;2581.0610887888;2623.705254732;2149870.13;474214679.91;180742.36;"2024-11-05T23:59:59.999Z"
"2024-11-04T00:00:00.000Z";"2024-11-04T23:59:59.999Z";"2024-11-04T03:04:00.000Z";"2024-11-04T21:55:00.000Z";"2781";2656.2127038108;2688.0456202477;2563.1210327675;2595.2599332431;1860464.36;469198680.99;180760.5;"2024-11-04T23:59:59.999Z"
"2024-11-03T00:00:00.000Z";"2024-11-03T23:59:59.999Z";"2024-11-03T00:16:00.000Z";"2024-11-03T18:49:00.000Z";"2781";2694.4522847515;2699.9532652523;2609.2659081235;2656.2127038108;1211506.84;479589466.07;180553.86;"2024-11-03T23:59:59.999Z"
"2024-11-02T00:00:00.000Z";"2024-11-02T23:59:59.999Z";"2024-11-02T02:33:00.000Z";"2024-11-02T14:43:00.000Z";"2781";2715.9652679105;2725.1897041833;2680.6376408236;2693.6258735462;1025988.78;485547399.69;180257.92;"2024-11-02T23:59:59.999Z"
"2024-11-01T00:00:00.000Z";"2024-11-01T23:59:59.999Z";"2024-11-01T14:22:00.000Z";"2024-11-01T02:15:00.000Z";"2781";2720.1275313223;2785.7382283682;2681.2270147694;2715.9652679105;1205666.5;489106884.46;180085.84;"2024-11-01T23:59:59.999Z"
"2024-10-31T00:00:00.000Z";"2024-10-31T23:59:59.999Z";"2024-10-31T01:58:00.000Z";"2024-10-31T22:19:00.000Z";"2781";2875.7083824728;2884.905312278;2708.4901947593;2720.1275313223;2143624.45;489239644.82;179859.08;"2024-10-31T23:59:59.999Z"
"2024-10-30T00:00:00.000Z";"2024-10-30T23:59:59.999Z";"2024-10-30T14:41:00.000Z";"2024-10-30T01:12:00.000Z";"2781";2853.6658708678;2935.787237507;2815.8913248556;2875.6698854347;1112645.79;519162884.13;180536.33;"2024-10-30T23:59:59.999Z"
"2024-10-29T00:00:00.000Z";"2024-10-29T23:59:59.999Z";"2024-10-29T17:06:00.000Z";"2024-10-29T00:06:00.000Z";"2781";2774.3185195408;2897.2710032496;2770.542895304;2853.4661229946;4422391.48;519935826.87;182212.02;"2024-10-29T23:59:59.999Z"
"2024-10-28T00:00:00.000Z";"2024-10-28T23:59:59.999Z";"2024-10-28T22:11:00.000Z";"2024-10-28T03:50:00.000Z";"2781";2711.9621479828;2788.2283658473;2674.2746535947;2774.3185195408;1407926.22;506479255.94;182559.88;"2024-10-28T23:59:59.999Z"
"2024-10-27T00:00:00.000Z";"2024-10-27T23:59:59.999Z";"2024-10-27T22:14:00.000Z";"2024-10-27T09:34:00.000Z";"2781";2680.416270344;2724.9494498762;2660.3705068563;2711.9621479828;865272.37;494721189.13;182421.86;"2024-10-27T23:59:59.999Z"
"2024-10-26T00:00:00.000Z";"2024-10-26T23:59:59.999Z";"2024-10-26T20:32:00.000Z";"2024-10-26T00:08:00.000Z";"2781";2631.6460309227;2704.0514117598;2625.6304137733;2680.416270344;1292668.99;488643191.19;182301.23;"2024-10-26T23:59:59.999Z"
"2024-10-25T00:00:00.000Z";"2024-10-25T23:59:59.999Z";"2024-10-25T14:34:00.000Z";"2024-10-25T23:31:00.000Z";"2781";2739.0246442604;2765.9259816066;2593.5376283225;2628.990125485;1324089.24;478641748.64;182062.97;"2024-10-25T23:59:59.999Z"
"2024-10-24T00:00:00.000Z";"2024-10-24T23:59:59.999Z";"2024-10-24T06:10:00.000Z";"2024-10-24T00:31:00.000Z";"2781";2727.1416596076;2763.0677520838;2716.807259641;2739.0553713774;2180780.98;503489914.79;183818.82;"2024-10-24T23:59:59.999Z"
"2024-10-23T00:00:00.000Z";"2024-10-23T23:59:59.999Z";"2024-10-23T00:02:00.000Z";"2024-10-23T18:06:00.000Z";"2781";2831.0359643314;2838.326445599;2669.0054329327;2712.4324160284;1230303.86;499979920.36;184328.99;"2024-10-23T23:59:59.999Z"
"2024-10-22T00:00:00.000Z";"2024-10-22T23:59:59.999Z";"2024-10-22T00:04:00.000Z";"2024-10-22T17:01:00.000Z";"2781";2885.8596566315;2890.4413064189;2816.3111956231;2831.0359643314;2023317.6;521701620.82;184279.4;"2024-10-22T23:59:59.999Z"
"2024-10-21T00:00:00.000Z";"2024-10-21T23:59:59.999Z";"2024-10-21T00:25:00.000Z";"2024-10-21T18:36:00.000Z";"2781";2966.5505552472;2987.4648389236;2872.4966259242;2885.8596566315;1472059.71;531662902.46;184230.34;"2024-10-21T23:59:59.999Z"
"2024-10-20T00:00:00.000Z";"2024-10-20T23:59:59.999Z";"2024-10-20T22:54:00.000Z";"2024-10-20T02:48:00.000Z";"2781";2865.3956767023;2976.6286149726;2846.8434808117;2966.4951283325;953730.52;546123057.48;184097.07;"2024-10-20T23:59:59.999Z"
"2024-10-19T00:00:00.000Z";"2024-10-19T23:59:59.999Z";"2024-10-19T03:17:00.000Z";"2024-10-19T12:01:00.000Z";"2781";2857.7647723977;2880.4203559476;2842.7966008533;2865.3956767023;3742502.99;527791771.07;184195.07;"2024-10-19T23:59:59.999Z"
"2024-10-18T00:00:00.000Z";"2024-10-18T23:59:59.999Z";"2024-10-18T18:46:00.000Z";"2024-10-18T00:59:00.000Z";"2781";2813.4369147366;2892.3027585059;2806.9479809371;2857.7647723977;1867079.28;527004445.8;184411.42;"2024-10-18T23:59:59.999Z"
"2024-10-17T00:00:00.000Z";"2024-10-17T23:59:59.999Z";"2024-10-17T04:09:00.000Z";"2024-10-17T18:25:00.000Z";"2781";2823.6935852306;2857.6693355258;2788.232446154;2813.4369147366;876174.05;519631518.38;184696.35;"2024-10-17T23:59:59.999Z"
"2024-10-16T00:00:00.000Z";"2024-10-16T23:59:59.999Z";"2024-10-16T12:15:00.000Z";"2024-10-16T01:01:00.000Z";"2781";2812.7489895501;2855.1457293222;2797.1054151256;2823.7274775116;912835.04;521154445.74;184562.59;"2024-10-16T23:59:59.999Z"
"2024-10-15T00:00:00.000Z";"2024-10-15T23:59:59.999Z";"2024-10-15T14:03:00.000Z";"2024-10-15T15:09:00.000Z";"2781";2839.4262636749;2894.6080669522;2746.7334988618;2812.7455403342;896581.06;527341876.37;187482.97;"2024-10-15T23:59:59.999Z"
"2024-10-14T00:00:00.000Z";"2024-10-14T23:59:59.999Z";"2024-10-14T23:02:00.000Z";"2024-10-14T02:17:00.000Z";"2781";2664.7005802848;2862.652170525;2640.4328514725;2839.4262636749;1563756.25;533568648.23;187914.25;"2024-10-14T23:59:59.999Z"
"2024-10-13T00:00:00.000Z";"2024-10-13T23:59:59.999Z";"2024-10-13T00:46:00.000Z";"2024-10-13T15:31:00.000Z";"2781";2675.2350595406;2682.1685177339;2633.0318454821;2664.7064378897;940596;499854304.43;187583.25;"2024-10-13T23:59:59.999Z"
"2024-10-12T00:00:00.000Z";"2024-10-12T23:59:59.999Z";"2024-10-12T23:09:00.000Z";"2024-10-12T03:26:00.000Z";"2781";2631.9459881579;2687.2782459729;2630.3129462931;2675.2454734278;500506.52;501265800.44;187371.89;"2024-10-12T23:59:59.999Z"